날짜,시가,고가,저가,종가,거래량
2010-01-04,475,475,453,455,1374.0
2010-01-05,454,458,435,459,1576.0
2010-01-06,456,456,410,410,60391.0
2010-01-07,410,421,408,411,25542.0
2010-01-08,420,420,398,417,10483.0
2010-01-11,418,421,415,421,4783.0
2010-01-12,430,434,416,422,15366.0
2010-01-13,431,432,422,429,7898.0
2010-01-14,432,432,422,431,39.0
2010-01-15,432,439,429,440,3814.0
2010-01-18,446,454,433,437,2498.0
2010-01-19,438,438,405,420,9640.0
2010-01-20,430,430,415,422,3113.0
2010-01-21,426,432,406,417,10285.0
2010-01-22,422,422,408,416,7168.0
2010-01-25,415,415,363,407,13594.0
2010-01-26,415,415,398,412,5371.0
2010-01-27,427,427,397,404,6741.0
2010-01-28,411,411,389,398,27229.0
2010-01-29,387,398,387,397,909.0
2010-02-01,397,397,384,393,873.0
2010-02-02,397,415,391,416,4601.0
2010-02-03,411,415,398,416,9164.0
2010-02-04,429,429,404,415,1508.0
2010-02-05,423,423,382,416,4918.0
2010-02-08,399,428,389,403,28580.0
2010-02-09,391,399,389,398,10914.0
2010-02-10,423,423,401,409,1086.0
2010-02-11,409,409,398,408,2816.0
2010-02-12,405,406,395,396,5816.0
2010-02-16,410,423,399,416,2915.0
2010-02-17,414,414,396,405,6767.0
2010-02-18,402,402,392,395,8052.0
2010-02-19,395,402,391,398,2376.0
2010-02-22,398,404,390,403,5754.0
2010-02-23,404,404,391,403,2627.0
2010-02-24,401,410,392,410,4997.0
2010-02-25,415,415,400,407,2515.0
2010-02-26,404,413,404,414,286.0
2010-03-02,420,420,397,404,1563.0
2010-03-03,398,406,398,405,1113.0
2010-03-04,404,416,399,411,8013.0
2010-03-05,401,418,401,419,9859.0
2010-03-08,431,481,418,481,115703.0
2010-03-09,486,552,486,553,364260.0
2010-03-10,552,623,536,614,486180.0
2010-03-11,614,620,541,542,355547.0
2010-03-12,567,613,553,580,270133.0
2010-03-15,622,622,585,590,208952.0
2010-03-16,589,589,519,542,245033.0
2010-03-17,546,622,497,622,462214.0
2010-03-18,636,714,622,715,980416.0
2010-03-19,738,788,688,689,1110893.0
2010-03-22,688,688,607,611,609366.0
2010-03-23,619,646,584,621,498989.0
2010-03-24,600,620,546,554,290208.0
2010-03-25,553,579,542,553,132443.0
2010-03-26,553,561,540,554,113654.0
2010-03-29,555,614,553,581,289553.0
2010-03-30,590,607,571,583,173877.0
2010-03-31,583,596,553,576,143990.0
2010-04-01,583,583,541,569,126597.0
2010-04-02,570,570,534,554,108662.0
2010-04-05,553,623,505,605,168705.0
2010-04-06,604,667,599,640,253536.0
2010-04-07,640,640,595,623,164488.0
2010-04-08,656,716,631,717,2315581.0
2010-04-09,745,773,657,658,1129206.0
2010-04-12,665,665,607,640,388340.0
2010-04-13,640,650,620,624,216198.0
2010-04-14,625,631,589,594,222118.0
2010-04-15,593,595,563,571,215186.0
2010-04-16,579,595,564,596,113248.0
2010-04-19,580,684,572,658,318409.0
2010-04-20,657,723,649,700,457455.0
2010-04-21,699,709,659,691,213028.0
2010-04-22,680,691,666,667,85120.0
2010-04-23,671,676,640,640,84885.0
2010-04-26,640,655,612,621,136133.0
2010-04-27,622,700,600,670,216771.0
2010-04-28,674,679,642,659,78242.0
2010-04-29,667,722,649,709,317606.0
2010-04-30,709,712,666,680,145314.0
2010-05-03,690,690,643,672,103186.0
2010-05-04,671,675,647,662,94008.0
2010-05-06,631,660,631,644,53912.0
2010-05-07,620,640,587,636,70339.0
2010-05-10,635,647,619,640,58211.0
2010-05-11,646,659,628,640,43405.0
2010-05-12,631,679,619,640,135001.0
2010-05-13,640,651,626,628,67603.0
2010-05-14,627,627,588,611,98440.0
2010-05-17,605,656,588,645,142556.0
2010-05-18,654,681,619,668,166787.0
2010-05-19,649,665,625,661,66937.0
2010-05-20,657,659,622,638,55957.0
2010-05-24,622,622,593,606,70384.0
2010-05-25,581,588,532,562,76258.0
2010-05-26,547,574,547,548,45215.0
2010-05-27,567,603,553,599,56160.0
2010-05-28,602,618,584,597,25046.0
2010-05-31,605,615,590,616,31484.0
2010-06-01,619,636,607,632,24421.0
2010-06-03,648,648,609,614,62421.0
2010-06-04,608,627,608,618,10688.0
2010-06-07,622,646,600,644,27326.0
2010-06-08,634,683,626,684,129358.0
2010-06-09,704,704,677,684,129887.0
2010-06-10,695,726,666,683,89833.0
2010-06-11,704,724,685,715,60543.0
2010-06-14,733,733,695,718,33866.0
2010-06-15,704,729,692,692,37049.0
2010-06-16,704,707,667,687,22946.0
2010-06-17,696,786,668,684,1271852.0
2010-06-18,673,679,640,663,186507.0
2010-06-21,656,670,634,643,96805.0
2010-06-22,607,681,605,671,142471.0
2010-06-23,665,688,658,659,90159.0
2010-06-24,672,672,631,642,63967.0
2010-06-25,640,662,621,637,28336.0
2010-06-28,656,656,624,635,37838.0
2010-06-29,640,641,610,623,85439.0
2010-06-30,605,635,575,631,32366.0
2010-07-01,645,645,605,630,15661.0
2010-07-02,629,639,604,605,23001.0
2010-07-05,605,607,583,587,23745.0
2010-07-06,586,603,579,591,11406.0
2010-07-07,607,607,579,589,16391.0
2010-07-08,606,606,575,599,45724.0
2010-07-09,610,610,509,589,72388.0
2010-07-12,597,604,580,599,16491.0
2010-07-13,605,607,589,593,30074.0
2010-07-14,599,599,586,594,30248.0
2010-07-15,597,597,582,589,28814.0
2010-07-16,597,640,581,616,63216.0
2010-07-19,597,612,596,609,37066.0
2010-07-20,614,621,595,608,39264.0
2010-07-21,617,617,590,595,101564.0
2010-07-22,573,596,558,568,36336.0
2010-07-23,588,596,577,580,34143.0
2010-07-26,576,594,572,580,24413.0
2010-07-27,594,594,563,576,24688.0
2010-07-28,587,640,572,635,93524.0
2010-07-29,652,680,623,666,180742.0
2010-07-30,700,717,657,684,273044.0
2010-08-02,696,785,633,696,1176265.0
2010-08-03,726,726,670,675,196212.0
2010-08-04,684,776,654,763,776557.0
2010-08-05,752,845,736,810,781220.0
2010-08-06,839,856,787,820,960221.0
2010-08-09,809,820,761,762,316801.0
2010-08-10,747,761,708,717,376598.0
2010-08-11,729,729,655,675,539809.0
2010-08-12,674,717,661,676,291797.0
2010-08-13,662,704,656,692,275044.0
2010-08-16,0,0,0,692,0.0
2010-08-17,0,0,0,692,0.0
2010-08-18,0,0,0,692,0.0
2010-08-19,0,0,0,692,0.0
2010-08-20,0,0,0,692,0.0
2010-08-23,0,0,0,692,0.0
2010-08-24,0,0,0,692,0.0
2010-08-25,0,0,0,692,0.0
2010-08-26,0,0,0,692,0.0
2010-08-27,0,0,0,692,0.0
2010-08-30,0,0,0,692,0.0
2010-08-31,0,0,0,692,0.0
2010-09-01,0,0,0,692,0.0
2010-09-02,0,0,0,692,0.0
2010-09-03,0,0,0,692,0.0
2010-09-06,0,0,0,692,0.0
2010-09-07,0,0,0,692,0.0
2010-09-08,0,0,0,692,0.0
2010-09-09,0,0,0,692,0.0
2010-09-10,0,0,0,692,0.0
2010-09-13,0,0,0,692,0.0
2010-09-14,0,0,0,692,0.0
2010-09-15,0,0,0,692,0.0
2010-09-16,0,0,0,692,0.0
2010-09-17,0,0,0,692,0.0
2010-09-20,0,0,0,692,0.0
2010-09-24,0,0,0,692,0.0
2010-09-27,0,0,0,692,0.0
2010-09-28,0,0,0,692,0.0
2010-09-29,0,0,0,692,0.0
2010-09-30,0,0,0,692,0.0
2010-10-01,0,0,0,692,0.0
2010-10-04,0,0,0,692,0.0
2010-10-05,0,0,0,692,0.0
2010-10-06,0,0,0,692,0.0
2010-10-07,0,0,0,692,0.0
2010-10-08,0,0,0,692,0.0
2010-10-11,0,0,0,692,0.0
2010-10-12,0,0,0,692,0.0
2010-10-13,0,0,0,692,0.0
2010-10-14,0,0,0,692,0.0
2010-10-15,0,0,0,692,0.0
2010-10-18,0,0,0,692,0.0
2010-10-19,0,0,0,692,0.0
2010-10-20,0,0,0,692,0.0
2010-10-21,0,0,0,692,0.0
2010-10-22,0,0,0,692,0.0
2010-10-25,0,0,0,692,0.0
2010-10-26,0,0,0,692,0.0
2010-10-27,0,0,0,692,0.0
2010-10-28,0,0,0,692,0.0
2010-10-29,0,0,0,692,0.0
2010-11-01,692,745,602,621,848355.0
2010-11-02,592,682,574,617,783102.0
2010-11-03,617,664,607,621,285559.0
2010-11-04,634,634,585,604,176778.0
2010-11-05,597,607,579,591,127327.0
2010-11-08,597,597,502,545,246038.0
2010-11-09,577,581,538,541,58925.0
2010-11-10,559,572,532,570,78308.0
2010-11-11,551,564,538,544,46791.0
2010-11-12,538,558,517,526,51210.0
2010-11-15,525,533,492,516,56316.0
2010-11-16,492,527,483,483,108833.0
2010-11-17,466,470,445,457,109622.0
2010-11-18,457,476,450,457,53350.0
2010-11-19,473,525,463,526,192402.0
2010-11-22,527,587,506,524,561256.0
2010-11-23,515,517,483,495,102660.0
2010-11-24,481,486,447,483,48525.0
2010-11-25,479,497,458,490,25966.0
2010-11-26,473,488,457,470,44073.0
2010-11-29,483,483,443,446,43483.0
2010-11-30,452,470,443,456,22236.0
2010-12-01,463,465,443,446,30727.0
2010-12-02,450,479,429,474,58325.0
2010-12-03,473,476,450,456,16551.0
2010-12-06,457,468,430,449,22633.0
2010-12-07,443,470,442,469,30971.0
2010-12-08,470,470,450,461,9865.0
2010-12-09,460,483,434,452,6979.0
2010-12-10,457,457,439,454,8102.0
2010-12-13,442,457,442,457,22550.0
2010-12-14,461,466,445,449,16036.0
2010-12-15,453,457,439,457,10967.0
2010-12-16,461,479,443,459,90315.0
2010-12-17,465,527,460,527,422116.0
2010-12-20,541,566,481,513,507894.0
2010-12-21,520,554,491,503,287398.0
2010-12-22,499,507,468,495,139917.0
2010-12-23,494,504,483,505,88512.0
2010-12-24,506,579,501,580,1208064.0
2010-12-27,577,615,525,554,487493.0
2010-12-28,553,566,489,490,268082.0
2010-12-29,489,499,457,469,119982.0
2010-12-30,468,479,458,477,102546.0
2011-01-03,475,484,465,475,60116.0
2011-01-04,476,476,460,464,104179.0
2011-01-05,463,473,460,465,23904.0
2011-01-06,463,471,450,454,101397.0
2011-01-07,466,466,452,454,27337.0
2011-01-10,457,468,453,467,35901.0
2011-01-11,473,519,461,498,131947.0
2011-01-12,488,497,473,480,43264.0
2011-01-13,483,483,460,462,52974.0
2011-01-14,457,515,457,474,161686.0
2011-01-17,489,489,468,479,31460.0
2011-01-18,483,484,470,474,34423.0
2011-01-19,479,510,479,490,142005.0
2011-01-20,514,563,491,493,1268087.0
2011-01-21,489,496,466,475,141368.0
2011-01-24,484,484,468,472,42046.0
2011-01-25,473,496,473,495,60713.0
2011-01-26,494,504,475,475,52126.0
2011-01-27,473,479,460,469,67698.0
2011-01-28,461,473,457,474,41510.0
2011-01-31,489,489,457,461,32374.0
2011-02-01,476,476,455,467,11836.0
2011-02-07,486,486,453,461,24031.0
2011-02-08,457,466,440,444,31873.0
2011-02-09,442,468,440,443,32608.0
2011-02-10,440,447,429,438,66372.0
2011-02-11,437,442,434,441,30015.0
2011-02-14,439,461,434,448,30148.0
2011-02-15,443,458,429,449,24661.0
2011-02-16,457,457,430,434,24629.0
2011-02-17,439,445,399,408,82251.0
2011-02-18,409,416,391,410,43457.0
2011-02-21,424,424,408,423,16551.0
2011-02-22,422,422,408,410,13723.0
2011-02-23,419,419,406,413,5079.0
2011-02-24,417,421,408,421,10921.0
2011-02-25,419,426,408,423,23204.0
2011-02-28,424,440,419,425,5099.0
2011-03-02,443,443,408,426,42778.0
2011-03-03,426,426,411,416,2471.0
2011-03-04,419,435,414,420,11115.0
2011-03-07,434,435,421,431,15788.0
2011-03-08,430,447,421,448,24741.0
2011-03-09,453,466,447,461,18389.0
2011-03-10,473,473,461,465,38681.0
2011-03-11,468,470,460,467,13291.0
2011-03-14,460,473,435,449,13587.0
2011-03-15,429,466,429,441,23222.0
2011-03-16,443,453,424,449,18186.0
2011-03-17,448,448,432,446,2336.0
2011-03-18,432,473,432,448,4922.0
2011-03-21,440,471,440,472,48429.0
2011-03-22,461,491,461,487,21175.0
2011-03-23,497,550,484,519,118380.0
2011-03-24,523,543,522,536,42873.0
2011-03-25,535,537,517,532,32872.0
2011-03-28,538,538,492,521,47348.0
2011-03-29,520,520,463,487,16524.0
2011-03-30,486,515,486,495,14423.0
2011-03-31,494,561,494,536,68706.0
2011-04-01,545,574,514,542,59682.0
2011-04-04,554,564,537,562,28013.0
2011-04-05,561,561,540,549,30037.0
2011-04-06,571,571,541,550,27491.0
2011-04-07,558,558,530,542,37161.0
2011-04-08,553,553,522,541,19092.0
2011-04-11,541,541,523,532,14902.0
2011-04-12,520,545,520,539,13071.0
2011-04-13,538,553,535,539,22326.0
2011-04-14,541,541,527,539,8216.0
2011-04-15,545,545,530,536,29736.0
2011-04-18,546,568,545,558,38195.0
2011-04-19,554,626,554,616,106102.0
2011-04-20,613,617,577,593,27359.0
2011-04-21,592,592,571,583,43359.0
2011-04-22,582,587,554,565,26416.0
2011-04-25,566,584,558,573,20139.0
2011-04-26,568,590,554,568,60027.0
2011-04-27,584,584,558,568,11943.0
2011-04-28,559,569,543,555,35678.0
2011-04-29,554,554,537,544,33084.0
2011-05-02,543,548,525,537,24569.0
2011-05-03,551,571,541,558,3152.0
2011-05-04,558,564,548,549,11404.0
2011-05-06,561,561,545,554,22030.0
2011-05-09,623,623,556,573,10586.0
2011-05-11,572,579,566,575,10368.0
2011-05-12,574,612,545,555,105750.0
2011-05-13,572,572,540,542,25896.0
2011-05-16,541,571,535,550,24853.0
2011-05-17,613,613,535,555,9730.0
2011-05-18,585,585,535,552,14247.0
2011-05-19,592,592,538,539,2163.0
2011-05-20,574,574,540,541,1323.0
2011-05-23,543,568,515,547,3131.0
2011-05-24,546,563,496,547,4694.0
2011-05-25,564,564,535,545,540.0
2011-05-26,561,561,499,547,4782.0
2011-05-27,564,564,506,547,12111.0
2011-05-30,561,628,532,544,122145.0
2011-05-31,571,571,509,536,11182.0
2011-06-01,571,571,532,552,9395.0
2011-06-02,551,568,538,539,4316.0
2011-06-03,538,563,537,558,18334.0
2011-06-07,558,558,548,555,10331.0
2011-06-08,554,571,528,529,14149.0
2011-06-09,538,553,538,550,6240.0
2011-06-10,571,571,533,550,17279.0
2011-06-13,551,551,492,550,9403.0
2011-06-14,553,553,527,550,2036.0
2011-06-15,528,546,509,537,7797.0
2011-06-16,514,546,514,547,2545.0
2011-06-17,546,546,528,536,1031.0
2011-06-20,545,545,515,539,2525.0
2011-06-21,538,545,519,532,5209.0
2011-06-22,538,540,530,539,1117.0
2011-06-23,558,558,530,550,900.0
2011-06-24,553,553,528,534,3532.0
2011-06-27,553,553,530,545,3840.0
2011-06-28,561,561,525,526,10183.0
2011-06-29,553,553,527,532,4290.0
2011-06-30,525,548,525,542,2797.0
2011-07-01,545,559,519,519,5604.0
2011-07-04,538,553,532,544,2914.0
2011-07-05,554,554,519,536,7590.0
2011-07-06,535,545,532,542,1992.0
2011-07-07,543,543,499,534,14887.0
2011-07-08,537,545,522,532,3183.0
2011-07-11,538,538,527,534,11493.0
2011-07-12,532,541,530,536,7626.0
2011-07-13,541,541,528,532,30192.0
2011-07-14,551,551,533,534,873.0
2011-07-15,537,556,528,549,14253.0
2011-07-18,546,558,543,557,12601.0
2011-07-19,568,569,545,552,20530.0
2011-07-20,550,603,550,590,67357.0
2011-07-21,603,603,579,581,29646.0
2011-07-22,576,631,574,621,12630.0
2011-07-25,636,636,607,617,13412.0
2011-07-26,607,708,607,697,82303.0
2011-07-27,701,749,661,718,52129.0
2011-07-28,714,714,664,712,31946.0
2011-07-29,696,718,696,710,19106.0
2011-08-01,685,701,652,666,16399.0
2011-08-02,654,701,654,697,6804.0
2011-08-03,685,698,638,697,14665.0
2011-08-04,718,718,654,699,12805.0
2011-08-05,639,685,620,666,20450.0
2011-08-08,714,714,566,601,62444.0
2011-08-09,652,652,538,621,31563.0
2011-08-10,620,621,554,580,38483.0
2011-08-11,571,648,571,642,43847.0
2011-08-12,685,685,613,630,8497.0
2011-08-16,693,693,633,661,11195.0
2011-08-17,679,679,623,640,15096.0
2011-08-18,679,679,603,621,23493.0
2011-08-19,612,649,577,607,17947.0
2011-08-22,543,603,543,573,9119.0
2011-08-23,620,620,572,578,4331.0
2011-08-24,582,599,571,572,6573.0
2011-08-25,656,656,571,590,40224.0
2011-08-26,590,597,554,583,14031.0
2011-08-29,577,599,540,572,16950.0
2011-08-30,602,602,561,588,12186.0
2011-08-31,626,626,577,583,17605.0
2011-09-01,615,615,576,578,5970.0
2011-09-02,607,634,581,635,2320.0
2011-09-05,607,630,590,630,8227.0
2011-09-06,603,659,603,614,10336.0
2011-09-07,626,648,607,617,20990.0
2011-09-08,613,628,613,622,11876.0
2011-09-09,621,639,620,621,5183.0
2011-09-14,659,659,587,625,6750.0
2011-09-15,679,682,607,611,8791.0
2011-09-16,665,665,618,635,3472.0
2011-09-19,652,652,605,614,6486.0
2011-09-20,613,644,603,611,2329.0
2011-09-21,641,641,587,594,28054.0
2011-09-22,599,600,576,601,19086.0
2011-09-23,571,617,561,593,4523.0
2011-09-26,554,592,527,558,15820.0
2011-09-27,564,574,548,549,2120.0
2011-09-28,548,613,548,578,5777.0
2011-09-29,607,607,576,593,2312.0
2011-09-30,613,618,571,585,4143.0
2011-10-04,571,594,571,585,1506.0
2011-10-05,584,584,532,539,4359.0
2011-10-06,605,605,550,581,755.0
2011-10-07,581,581,561,578,8736.0
2011-10-10,587,587,556,585,361.0
2011-10-11,587,587,563,575,1490.0
2011-10-12,574,579,545,545,10536.0
2011-10-13,559,564,538,550,6223.0
2011-10-14,561,568,541,558,4134.0
2011-10-17,554,576,525,541,9678.0
2011-10-18,559,579,546,558,13845.0
2011-10-19,579,579,554,560,11120.0
2011-10-20,574,574,554,565,2421.0
2011-10-21,554,577,540,560,7422.0
2011-10-24,574,574,551,565,11236.0
2011-10-25,571,571,548,555,8396.0
2011-10-26,554,584,546,555,8553.0
2011-10-27,638,638,577,578,50979.0
2011-10-28,576,613,569,594,14870.0
2011-10-31,579,594,564,576,9469.0
2011-11-01,556,587,554,557,5629.0
2011-11-02,535,569,535,554,7589.0
2011-11-03,556,585,522,554,14938.0
2011-11-04,548,553,538,554,10915.0
2011-11-07,551,577,537,560,7610.0
2011-11-08,548,559,548,555,7563.0
2011-11-09,574,574,551,555,416.0
2011-11-10,548,551,530,545,1501.0
2011-11-11,528,548,528,547,1936.0
2011-11-14,554,574,543,555,10068.0
2011-11-15,551,554,541,550,3457.0
2011-11-16,550,554,541,549,8568.0
2011-11-17,581,584,553,555,2745.0
2011-11-18,574,574,574,575,1.0
2011-11-21,574,574,554,560,1202.0
2011-11-22,558,558,554,558,5204.0
2011-11-23,574,574,545,550,3315.0
2011-11-24,559,559,541,555,1803.0
2011-11-25,558,558,538,558,9599.0
2011-11-28,581,581,530,555,1890.0
2011-11-29,554,559,548,549,101.0
2011-11-30,538,572,538,555,1655.0
2011-12-01,568,568,548,554,41321.0
2011-12-02,558,558,545,555,3290.0
2011-12-05,568,568,543,545,2011.0
2011-12-06,527,564,527,541,7502.0
2011-12-07,535,563,535,552,3146.0
2011-12-08,540,566,540,560,6231.0
2011-12-09,541,568,541,555,363.0
2011-12-12,566,566,550,552,3441.0
2011-12-13,613,613,553,557,19578.0
2011-12-14,532,577,532,555,6639.0
2011-12-15,563,563,538,542,6789.0
2011-12-16,550,550,541,549,2758.0
2011-12-19,535,551,484,552,7764.0
2011-12-20,594,594,527,554,3709.0
2011-12-21,528,561,528,552,5735.0
2011-12-22,550,553,525,554,13190.0
2011-12-23,553,592,541,542,14391.0
2011-12-26,553,587,538,539,5898.0
2011-12-27,528,551,528,539,2219.0
2011-12-28,551,551,532,545,6761.0
2011-12-29,548,548,530,541,2001.0
2012-01-02,538,554,538,549,7396.0
2012-01-03,551,551,535,541,21817.0
2012-01-04,548,563,540,549,37415.0
2012-01-05,554,563,548,560,6957.0
2012-01-06,543,564,543,562,31617.0
2012-01-09,568,644,561,581,342831.0
2012-01-10,594,594,551,586,107456.0
2012-01-11,597,599,571,573,18867.0
2012-01-12,585,607,572,607,20550.0
2012-01-13,613,613,579,585,19512.0
2012-01-16,581,589,571,590,4142.0
2012-01-17,597,597,571,583,10559.0
2012-01-18,589,599,574,583,20733.0
2012-01-19,590,590,577,588,18810.0
2012-01-20,600,600,585,588,22255.0
2012-01-25,587,603,576,596,11481.0
2012-01-26,600,600,585,596,2691.0
2012-01-27,602,615,595,604,16752.0
2012-01-30,605,617,600,607,18083.0
2012-01-31,618,618,603,606,10799.0
2012-02-01,618,618,605,616,2235.0
2012-02-02,623,623,603,616,6070.0
2012-02-03,620,620,603,614,8320.0
2012-02-06,605,705,603,653,291780.0
2012-02-07,646,664,626,645,45986.0
2012-02-08,652,652,626,630,21767.0
2012-02-09,630,723,630,668,272404.0
2012-02-10,656,693,646,673,40719.0
2012-02-13,683,770,672,771,121051.0
2012-02-14,799,803,750,776,84847.0
2012-02-15,754,775,688,776,41848.0
2012-02-16,791,791,744,759,16243.0
2012-02-17,773,773,711,745,20607.0
2012-02-20,732,749,710,728,13244.0
2012-02-21,742,742,700,717,22330.0
2012-02-22,731,731,688,707,15491.0
2012-02-23,706,714,683,712,34017.0
2012-02-24,744,744,690,709,11172.0
2012-02-27,734,736,692,697,18383.0
2012-02-28,714,739,592,715,38784.0
2012-02-29,692,728,692,709,20208.0
2012-03-02,708,714,669,704,25269.0
2012-03-05,734,734,659,681,42210.0
2012-03-06,679,718,679,696,14470.0
2012-03-07,718,718,675,702,20901.0
2012-03-08,718,718,682,686,13868.0
2012-03-09,690,728,685,699,20394.0
2012-03-12,714,714,692,705,9271.0
2012-03-13,711,711,675,691,15815.0
2012-03-14,695,695,674,692,14732.0
2012-03-15,700,700,679,683,7679.0
2012-03-16,682,718,682,704,26979.0
2012-03-19,703,714,685,705,8084.0
2012-03-20,711,711,690,699,12985.0
2012-03-21,706,710,692,705,20679.0
2012-03-22,705,705,669,669,29633.0
2012-03-23,669,685,667,679,15776.0
2012-03-26,692,692,667,679,15755.0
2012-03-27,692,692,674,681,8060.0
2012-03-28,718,718,677,679,18050.0
2012-03-29,683,683,662,673,23358.0
2012-03-30,672,693,672,687,5621.0
2012-04-02,692,692,675,692,5802.0
2012-04-03,685,701,679,689,3547.0
2012-04-04,693,693,659,669,21381.0
2012-04-05,657,664,646,665,15369.0
2012-04-06,677,677,657,669,6118.0
2012-04-09,656,680,652,669,5401.0
2012-04-10,664,665,646,656,9002.0
2012-04-12,695,695,641,660,4748.0
2012-04-13,648,705,648,660,12812.0
2012-04-16,659,667,649,660,9306.0
2012-04-17,656,714,654,661,19243.0
2012-04-18,683,683,651,655,6146.0
2012-04-19,667,667,644,650,10983.0
2012-04-20,646,651,641,650,975.0
2012-04-23,652,677,652,678,4473.0
2012-04-24,664,677,652,678,3849.0
2012-04-25,675,675,651,673,574.0
2012-04-26,659,695,656,660,7640.0
2012-04-27,662,682,636,668,9712.0
2012-04-30,665,701,654,658,10800.0
2012-05-02,657,659,628,642,9134.0
2012-05-03,625,643,625,642,2417.0
2012-05-04,626,643,626,643,3048.0
2012-05-07,621,643,621,637,2014.0
2012-05-08,626,643,613,638,5185.0
2012-05-09,634,665,626,666,9531.0
2012-05-10,638,661,633,653,1440.0
2012-05-11,639,675,623,642,8876.0
2012-05-14,623,641,620,635,5251.0
2012-05-15,610,626,608,622,4463.0
2012-05-16,607,625,587,603,13308.0
2012-05-17,602,621,590,604,3017.0
2012-05-18,576,623,572,583,11270.0
2012-05-21,540,602,540,578,7445.0
2012-05-22,599,599,561,596,6863.0
2012-05-23,595,646,554,573,35737.0
2012-05-24,608,633,597,614,21664.0
2012-05-25,595,617,595,612,4747.0
2012-05-29,612,612,571,588,19521.0
2012-05-30,581,599,577,599,1727.0
2012-05-31,564,646,564,591,13573.0
2012-06-01,615,636,572,630,11042.0
2012-06-04,631,659,584,588,17559.0
2012-06-05,617,625,595,596,2067.0
2012-06-07,659,659,590,637,14857.0
2012-06-08,665,665,613,619,5933.0
2012-06-11,636,636,612,617,4234.0
2012-06-12,633,633,595,619,6176.0
2012-06-13,649,649,617,640,918.0
2012-06-14,0,0,0,640,0.0
2012-06-15,0,0,0,640,0.0
2012-06-18,0,0,0,640,0.0
2012-06-19,0,0,0,640,0.0
2012-06-20,0,0,0,640,0.0
2012-06-21,0,0,0,640,0.0
2012-06-22,0,0,0,640,0.0
2012-06-25,0,0,0,640,0.0
2012-06-26,0,0,0,640,0.0
2012-06-27,734,734,641,660,635188.0
2012-06-28,688,734,615,625,140959.0
2012-06-29,633,646,589,604,29144.0
2012-07-02,617,665,617,635,44233.0
2012-07-03,662,662,634,650,26408.0
2012-07-04,652,682,621,683,77662.0
2012-07-05,750,783,682,701,877408.0
2012-07-06,687,700,652,683,94055.0
2012-07-09,670,692,651,692,49891.0
2012-07-10,692,695,662,686,20998.0
2012-07-11,685,685,654,658,31562.0
2012-07-12,665,665,644,650,25285.0
2012-07-13,665,665,620,627,16315.0
2012-07-16,639,646,623,629,7104.0
2012-07-17,638,677,636,650,24014.0
2012-07-18,667,667,636,637,5356.0
2012-07-19,652,654,610,629,21230.0
2012-07-20,644,649,617,650,6057.0
2012-07-23,662,662,620,632,11775.0
2012-07-24,636,644,618,634,3471.0
2012-07-25,644,644,608,609,1542.0
2012-07-26,630,630,608,624,1041.0
2012-07-27,612,628,610,617,11481.0
2012-07-30,626,626,613,625,3269.0
2012-07-31,626,639,603,621,6995.0
2012-08-01,626,634,603,616,9258.0
2012-08-02,630,630,525,594,21686.0
2012-08-03,590,608,563,591,15973.0
2012-08-06,599,613,576,596,15618.0
2012-08-07,603,617,595,616,11930.0
2012-08-08,618,626,585,593,11886.0
2012-08-09,590,605,566,593,8609.0
2012-08-10,607,615,587,616,11778.0
2012-08-13,615,620,595,616,12411.0
2012-08-14,620,620,600,616,7807.0
2012-08-16,620,620,610,614,3520.0
2012-08-17,646,646,602,638,15070.0
2012-08-20,649,649,618,640,5324.0
2012-08-21,639,639,617,619,10331.0
2012-08-22,633,633,599,599,20872.0
2012-08-23,603,608,587,604,9226.0
2012-08-24,602,602,584,588,8331.0
2012-08-27,589,600,584,599,1157.0
2012-08-28,584,595,574,586,20641.0
2012-08-29,599,599,564,578,15587.0
2012-08-30,590,590,564,573,2240.0
2012-08-31,587,587,559,568,12772.0
2012-09-03,566,587,554,560,26195.0
2012-09-04,569,572,528,550,12094.0
2012-09-05,566,566,550,555,5100.0
2012-09-06,554,613,554,585,14813.0
2012-09-07,600,600,574,575,16868.0
2012-09-10,587,603,572,583,14216.0
2012-09-11,584,589,576,590,2904.0
2012-09-12,590,592,577,593,6581.0
2012-09-13,603,630,590,593,25859.0
2012-09-14,592,651,585,594,28441.0
2012-09-17,597,612,587,609,17612.0
2012-09-18,594,610,594,607,3668.0
2012-09-19,610,620,600,614,5259.0
2012-09-20,617,617,595,604,3554.0
2012-09-21,603,610,597,601,6167.0
2012-09-24,600,641,600,637,51585.0
2012-09-25,636,700,630,653,112694.0
2012-09-26,679,682,628,642,21697.0
2012-09-27,644,685,631,650,14806.0
2012-09-28,654,665,652,666,16142.0
2012-10-02,665,665,644,660,2435.0
2012-10-04,696,696,636,643,18389.0
2012-10-05,646,652,626,653,86265.0
2012-10-08,649,652,634,653,13591.0
2012-10-09,639,641,631,635,17755.0
2012-10-10,638,638,590,596,75851.0
2012-10-11,599,615,594,612,27178.0
2012-10-12,615,626,600,627,23299.0
2012-10-15,626,719,626,720,337129.0
2012-10-16,719,719,612,629,432838.0
2012-10-17,648,648,618,621,36866.0
2012-10-18,620,628,615,629,24132.0
2012-10-19,628,630,608,630,29148.0
2012-10-22,630,630,595,622,17026.0
2012-10-23,625,626,603,622,36977.0
2012-10-24,620,625,607,621,42540.0
2012-10-25,620,638,612,612,27763.0
2012-10-26,612,615,605,616,11787.0
2012-10-29,607,620,607,616,7300.0
2012-10-30,617,633,605,634,26683.0
2012-10-31,633,634,612,616,49506.0
2012-11-01,617,623,613,614,12870.0
2012-11-02,613,620,610,617,29431.0
2012-11-05,607,613,597,614,74067.0
2012-11-06,613,617,599,611,27838.0
2012-11-07,610,613,607,612,15498.0
2012-11-08,607,621,607,621,25958.0
2012-11-09,612,626,608,625,27539.0
2012-11-12,621,639,621,637,23400.0
2012-11-13,636,638,612,625,16447.0
2012-11-14,621,626,603,621,8560.0
2012-11-15,618,618,590,611,3923.0
2012-11-16,610,613,600,614,3970.0
2012-11-19,592,613,592,614,5742.0
2012-11-20,613,615,608,616,1491.0
2012-11-21,600,615,600,614,2940.0
2012-11-22,615,615,600,616,12892.0
2012-11-23,617,617,610,611,7658.0
2012-11-26,613,617,600,614,1636.0
2012-11-27,615,615,605,612,9665.0
2012-11-28,613,652,600,653,42162.0
2012-11-29,651,669,617,666,78888.0
2012-11-30,669,669,617,621,36907.0
2012-12-03,620,623,603,621,12777.0
2012-12-04,610,623,600,621,7374.0
2012-12-05,620,620,574,594,41200.0
2012-12-06,600,600,594,601,11270.0
2012-12-07,603,610,602,606,18723.0
2012-12-10,605,638,599,629,37900.0
2012-12-11,630,636,607,619,5899.0
2012-12-12,649,649,603,606,27568.0
2012-12-13,608,618,607,609,3925.0
2012-12-14,612,631,607,621,8143.0
2012-12-17,610,646,610,624,10055.0
2012-12-18,618,669,603,612,204771.0
2012-12-20,636,636,617,629,21494.0
2012-12-21,638,638,620,629,15448.0
2012-12-24,620,633,620,632,17649.0
2012-12-26,634,646,625,640,65700.0
2012-12-27,648,648,617,630,21458.0
2012-12-28,631,633,620,625,15041.0
2013-01-02,625,633,621,634,20142.0
2013-01-03,634,636,621,629,12985.0
2013-01-04,628,628,620,624,12293.0
2013-01-07,625,626,620,625,19162.0
2013-01-08,626,636,621,634,36339.0
2013-01-09,634,634,621,634,60018.0
2013-01-10,630,643,621,629,35567.0
2013-01-11,636,701,630,660,288471.0
2013-01-14,659,706,659,699,95272.0
2013-01-15,714,728,659,683,64208.0
2013-01-16,687,705,662,665,34671.0
2013-01-17,661,701,649,692,126505.0
2013-01-18,700,734,679,730,247529.0
2013-01-21,729,776,713,756,145805.0
2013-01-22,755,793,729,754,84147.0
2013-01-23,754,759,719,720,41163.0
2013-01-24,719,729,698,725,45346.0
2013-01-25,719,744,688,712,49696.0
2013-01-28,701,716,679,689,37914.0
2013-01-29,679,718,679,704,75449.0
2013-01-30,688,714,688,705,15958.0
2013-01-31,688,724,688,705,33440.0
2013-02-01,693,708,679,705,42304.0
2013-02-04,708,747,696,705,19236.0
2013-02-05,714,714,667,686,20076.0
2013-02-06,685,693,669,684,26752.0
2013-02-07,674,683,664,679,32954.0
2013-02-08,667,682,664,678,15320.0
2013-02-12,667,696,659,696,33691.0
2013-02-13,695,708,675,681,34037.0
2013-02-14,698,698,679,696,7295.0
2013-02-15,703,703,679,697,13021.0
2013-02-18,703,705,685,696,7362.0
2013-02-19,687,695,674,684,17406.0
2013-02-20,677,701,669,702,43596.0
2013-02-21,687,700,682,687,11743.0
2013-02-22,679,695,679,696,24233.0
2013-02-25,693,705,685,689,13207.0
2013-02-26,685,708,685,709,28306.0
2013-02-27,716,778,710,735,213559.0
2013-02-28,745,760,729,761,45764.0
2013-03-04,760,775,750,751,22852.0
2013-03-05,750,757,718,751,49580.0
2013-03-06,750,767,718,732,65513.0
2013-03-07,731,744,621,702,68297.0
2013-03-08,701,701,674,692,30218.0
2013-03-11,692,700,662,699,45333.0
2013-03-12,685,698,685,687,10636.0
2013-03-13,687,726,687,722,32670.0
2013-03-14,726,726,688,725,40162.0
2013-03-15,724,724,705,717,30315.0
2013-03-18,731,731,690,691,11217.0
2013-03-19,690,716,690,705,18082.0
2013-03-20,718,718,685,699,19818.0
2013-03-21,692,711,687,709,30787.0
2013-03-22,705,773,703,769,101891.0
2013-03-25,767,780,741,777,53395.0
2013-03-26,776,832,759,810,89217.0
2013-03-27,799,819,752,761,53179.0
2013-03-28,791,873,767,874,319224.0
2013-03-29,901,938,845,856,333154.0
2013-04-01,855,896,825,883,128175.0
2013-04-02,863,897,830,852,75355.0
2013-04-03,861,868,812,825,61207.0
2013-04-04,842,842,763,769,213165.0
2013-04-05,768,780,718,751,123784.0
2013-04-08,734,763,724,741,37722.0
2013-04-09,739,744,711,741,31675.0
2013-04-10,778,778,729,730,8030.0
2013-04-11,737,780,734,754,12712.0
2013-04-12,780,781,750,751,10463.0
2013-04-15,752,778,726,758,14428.0
2013-04-16,768,768,723,763,54526.0
2013-04-17,776,793,762,794,37056.0
2013-04-18,791,816,755,784,12178.0
2013-04-19,783,783,747,758,21294.0
2013-04-22,770,809,750,764,15058.0
2013-04-23,744,809,744,764,25719.0
2013-04-24,739,775,739,776,39302.0
2013-04-25,786,798,754,767,23165.0
2013-04-26,783,803,755,769,29575.0
2013-04-29,780,780,755,767,15737.0
2013-04-30,776,783,749,749,45930.0
2013-05-02,752,754,736,753,23901.0
2013-05-03,762,762,744,759,6026.0
2013-05-06,775,775,750,766,5222.0
2013-05-07,765,768,741,763,9803.0
2013-05-08,768,768,745,758,24713.0
2013-05-09,775,775,745,756,16464.0
2013-05-10,775,775,747,756,22360.0
2013-05-13,754,757,752,756,14056.0
2013-05-14,755,767,737,767,84423.0
2013-05-15,759,765,755,764,24751.0
2013-05-16,796,796,747,771,38057.0
2013-05-20,776,845,772,821,176803.0
2013-05-21,806,837,806,823,81670.0
2013-05-22,830,865,819,839,51235.0
2013-05-23,837,848,825,841,86348.0
2013-05-24,822,901,822,846,48137.0
2013-05-27,850,881,847,874,38065.0
2013-05-28,892,894,853,885,18185.0
2013-05-29,892,899,845,862,13599.0
2013-05-30,848,866,812,820,58774.0
2013-05-31,827,827,803,812,20487.0
2013-06-03,832,832,804,816,11676.0
2013-06-04,842,842,796,828,25375.0
2013-06-05,827,827,799,807,18370.0
2013-06-07,825,825,783,797,8152.0
2013-06-10,821,842,798,810,3813.0
2013-06-11,812,829,796,816,3075.0
2013-06-12,829,829,803,807,3473.0
2013-06-13,829,829,793,821,11370.0
2013-06-14,829,829,799,815,1747.0
2013-06-17,825,825,783,798,17837.0
2013-06-18,816,816,767,784,11380.0
2013-06-19,783,783,763,774,6004.0
2013-06-20,772,772,760,764,1628.0
2013-06-21,765,783,731,764,7065.0
2013-06-24,750,776,747,771,421.0
2013-06-25,775,775,718,732,7784.0
2013-06-26,716,768,716,745,7259.0
2013-06-27,775,775,747,766,61.0
2013-06-28,721,767,721,756,4028.0
2013-07-01,749,755,726,753,5729.0
2013-07-02,770,770,732,733,6379.0
2013-07-03,721,765,716,727,31209.0
2013-07-04,713,741,654,722,22047.0
2013-07-05,750,750,714,728,1899.0
2013-07-08,734,734,695,705,1970.0
2013-07-09,695,716,695,717,1059.0
2013-07-10,690,736,690,728,2128.0
2013-07-11,737,737,713,735,4529.0
2013-07-12,736,736,710,735,735.0
2013-07-15,734,765,713,766,21959.0
2013-07-16,780,865,760,821,405923.0
2013-07-17,806,894,806,865,232697.0
2013-07-18,881,994,855,914,853362.0
2013-07-19,923,961,907,944,224851.0
2013-07-22,963,1083,959,1045,709396.0
2013-07-23,1031,1044,976,1002,282031.0
2013-07-24,1002,1123,1002,1017,270689.0
2013-07-25,1016,1041,920,980,331421.0
2013-07-26,977,1044,933,1022,174085.0
2013-07-29,998,1039,971,993,84700.0
2013-07-30,974,976,884,908,215662.0
2013-07-31,897,927,861,877,213050.0
2013-08-01,876,891,848,875,177444.0
2013-08-02,879,904,852,887,140253.0
2013-08-05,901,901,832,844,164192.0
2013-08-06,853,878,821,864,123977.0
2013-08-07,852,860,817,833,151093.0
2013-08-08,832,832,794,818,170966.0
2013-08-09,821,832,799,825,90196.0
2013-08-12,825,847,814,841,67884.0
2013-08-13,840,847,803,812,61792.0
2013-08-14,807,830,807,821,33068.0
2013-08-16,793,812,790,797,75364.0
2013-08-19,806,816,762,766,81605.0
2013-08-20,768,783,754,772,31068.0
2013-08-21,772,781,731,751,40473.0
2013-08-22,739,755,729,751,32668.0
2013-08-23,755,776,750,772,51198.0
2013-08-26,775,775,757,771,23931.0
2013-08-27,770,772,739,756,34829.0
2013-08-28,754,754,719,741,64461.0
2013-08-29,737,778,736,763,39546.0
2013-08-30,757,780,752,753,12546.0
2013-09-02,763,781,747,777,30228.0
2013-09-03,783,799,772,794,43688.0
2013-09-04,793,799,776,794,23760.0
2013-09-05,793,796,778,779,7405.0
2013-09-06,780,780,767,767,8452.0
2013-09-09,762,790,754,790,24886.0
2013-09-10,790,809,778,780,18441.0
2013-09-11,796,811,778,812,34671.0
2013-09-12,812,812,793,805,14104.0
2013-09-13,799,897,791,859,180612.0
2013-09-16,874,874,825,831,89360.0
2013-09-17,852,852,793,821,108865.0
2013-09-23,881,943,863,944,830816.0
2013-09-24,976,1083,932,1084,1443182.0
2013-09-25,1139,1152,1051,1079,1301853.0
2013-09-26,1087,1116,1028,1068,1023249.0
2013-09-27,1078,1090,1007,1012,700691.0
2013-09-30,1003,1026,971,989,586070.0
2013-10-01,989,1007,938,970,393089.0
2013-10-02,977,989,954,986,450845.0
2013-10-04,963,1002,940,971,244079.0
2013-10-07,982,1029,883,932,641978.0
2013-10-08,928,938,878,905,228983.0
2013-10-10,897,910,863,901,128347.0
2013-10-11,901,920,879,898,84957.0
2013-10-14,904,953,897,952,201562.0
2013-10-15,950,979,917,926,85362.0
2013-10-16,940,946,874,901,77001.0
2013-10-17,901,930,897,911,93307.0
2013-10-18,905,917,887,903,57836.0
2013-10-21,910,910,874,877,53556.0
2013-10-22,873,881,842,875,49858.0
2013-10-23,874,972,874,957,185441.0
2013-10-24,956,956,874,916,73047.0
2013-10-25,915,915,887,893,42145.0
2013-10-28,927,927,868,872,36725.0
2013-10-29,871,920,863,891,77696.0
2013-10-30,887,920,865,877,50175.0
2013-10-31,879,894,870,887,21179.0
2013-11-01,884,904,881,893,22783.0
2013-11-04,897,946,892,919,57152.0
2013-11-05,935,979,933,944,115338.0
2013-11-06,932,961,923,924,44324.0
2013-11-07,925,969,914,950,48102.0
2013-11-08,959,959,923,942,21453.0
2013-11-11,946,946,863,875,41955.0
2013-11-12,853,914,853,887,20092.0
2013-11-13,883,927,878,890,8922.0
2013-11-14,887,927,858,869,23779.0
2013-11-15,866,901,866,895,14222.0
2013-11-18,910,910,873,882,27072.0
2013-11-19,894,894,866,878,18370.0
2013-11-20,878,878,842,852,30417.0
2013-11-21,852,866,827,849,19934.0
2013-11-22,876,876,845,862,3389.0
2013-11-25,878,878,858,877,5504.0
2013-11-26,887,887,858,885,7637.0
2013-11-27,884,884,865,882,3230.0
2013-11-28,899,899,861,865,19928.0
2013-11-29,889,889,845,849,15383.0
2013-12-02,852,863,842,854,7239.0
2013-12-03,861,861,835,844,4856.0
2013-12-04,868,868,807,846,28692.0
2013-12-05,856,856,825,829,11931.0
2013-12-06,835,845,832,841,3666.0
2013-12-09,814,850,814,838,3109.0
2013-12-10,865,865,819,833,4103.0
2013-12-11,847,847,816,818,8867.0
2013-12-12,803,842,801,828,11826.0
2013-12-13,832,832,812,828,499.0
2013-12-16,825,837,716,823,19568.0
2013-12-17,819,824,796,812,7274.0
2013-12-18,829,829,790,810,14640.0
2013-12-19,812,816,785,797,16799.0
2013-12-20,783,811,783,812,5897.0
2013-12-23,822,822,794,807,2201.0
2013-12-24,793,822,793,818,18144.0
2013-12-26,816,834,798,834,6109.0
2013-12-27,830,835,793,818,5199.0
2013-12-30,817,819,806,810,3181.0
2014-01-02,793,817,790,818,4630.0
2014-01-03,829,829,807,820,1388.0
2014-01-06,825,829,791,803,4511.0
2014-01-07,775,801,775,782,10669.0
2014-01-08,798,798,767,771,8706.0
2014-01-09,799,799,763,776,7950.0
2014-01-10,760,783,759,761,7029.0
2014-01-13,763,770,750,758,15420.0
2014-01-14,770,803,754,767,4140.0
2014-01-15,768,816,765,789,13538.0
2014-01-16,824,835,783,807,10032.0
2014-01-17,832,832,788,821,7682.0
2014-01-20,822,822,799,820,5093.0
2014-01-21,819,832,801,833,7995.0
2014-01-22,830,830,809,818,13670.0
2014-01-23,785,827,757,828,18230.0
2014-01-24,830,830,799,807,3960.0
2014-01-27,799,799,755,767,13528.0
2014-01-28,812,812,763,772,2192.0
2014-01-29,806,807,768,777,3456.0
2014-02-03,807,807,760,763,16528.0
2014-02-04,790,799,745,782,18499.0
2014-02-05,791,897,791,898,268688.0
2014-02-06,920,1008,865,913,540012.0
2014-02-07,897,927,871,891,126780.0
2014-02-10,891,915,881,888,73005.0
2014-02-11,889,946,889,924,174399.0
2014-02-12,915,935,894,918,69809.0
2014-02-13,917,928,894,905,40582.0
2014-02-14,899,923,887,888,32927.0
2014-02-17,914,914,868,900,18402.0
2014-02-18,884,907,879,898,31165.0
2014-02-19,897,907,871,872,25594.0
2014-02-20,865,891,858,885,35336.0
2014-02-21,899,909,876,883,16054.0
2014-02-24,894,912,870,901,23757.0
2014-02-25,918,918,892,893,11261.0
2014-02-26,892,907,876,877,20607.0
2014-02-27,894,894,855,875,17771.0
2014-02-28,871,884,858,865,27003.0
2014-03-03,850,889,847,847,27237.0
2014-03-04,848,855,832,854,2527.0
2014-03-05,842,878,842,851,10144.0
2014-03-06,852,887,845,869,13697.0
2014-03-07,879,879,853,870,8608.0
2014-03-10,873,874,853,872,23339.0
2014-03-11,871,879,847,867,14503.0
2014-03-12,853,861,850,851,13871.0
2014-03-13,853,886,853,867,32276.0
2014-03-14,870,995,858,958,186954.0
2014-03-17,946,946,881,939,115623.0
2014-03-18,946,1034,932,970,499607.0
2014-03-19,969,979,930,950,71909.0
2014-03-20,950,964,907,927,53394.0
2014-03-21,930,950,922,923,26846.0
2014-03-24,920,969,915,931,24738.0
2014-03-25,930,972,930,973,35884.0
2014-03-26,992,995,945,963,28059.0
2014-03-27,963,963,927,944,24274.0
2014-03-28,941,941,914,929,27437.0
2014-03-31,927,932,918,927,13563.0
2014-04-01,932,969,918,965,49771.0
2014-04-02,969,979,941,963,55971.0
2014-04-03,963,992,950,967,29721.0
2014-04-04,1007,1016,959,960,56211.0
2014-04-07,946,958,927,936,44222.0
2014-04-08,927,943,917,924,13984.0
2014-04-09,923,950,923,932,26481.0
2014-04-10,953,961,930,952,15508.0
2014-04-11,941,972,927,931,16088.0
2014-04-14,923,956,920,931,8575.0
2014-04-15,923,936,923,937,11374.0
2014-04-16,932,989,932,960,26500.0
2014-04-17,959,985,950,968,16187.0
2014-04-18,977,977,954,970,9884.0
2014-04-21,961,976,954,976,15198.0
2014-04-22,976,1012,971,1009,67271.0
2014-04-23,998,1023,936,955,90277.0
2014-04-24,958,987,940,986,33241.0
2014-04-25,994,1023,982,1001,112529.0
2014-04-28,1012,1075,989,1032,142145.0
2014-04-29,1038,1052,979,1022,127538.0
2014-04-30,1054,1069,995,1022,122166.0
2014-05-02,1028,1028,985,1012,68188.0
2014-05-07,1015,1028,979,999,68337.0
2014-05-08,1002,1028,989,1016,46060.0
2014-05-09,1025,1044,1005,1033,33859.0
2014-05-12,1033,1043,1012,1019,16345.0
2014-05-13,1028,1052,1010,1048,37244.0
2014-05-14,1057,1057,1012,1051,37998.0
2014-05-15,1060,1064,1033,1050,35388.0
2014-05-16,1039,1052,1012,1033,11080.0
2014-05-19,1033,1043,979,1007,69434.0
2014-05-20,995,1016,984,991,44946.0
2014-05-21,998,1023,985,1024,22433.0
2014-05-22,1029,1029,1015,1025,9256.0
2014-05-23,1033,1033,992,1017,26548.0
2014-05-26,1016,1016,994,1006,15501.0
2014-05-27,1010,1010,979,993,37747.0
2014-05-28,1002,1002,972,989,27555.0
2014-05-29,979,1002,979,985,14694.0
2014-05-30,995,998,984,993,5723.0
2014-06-02,985,992,958,980,19954.0
2014-06-03,979,1007,950,983,8305.0
2014-06-05,987,1008,966,985,18625.0
2014-06-09,989,992,974,976,17657.0
2014-06-10,990,990,963,991,7801.0
2014-06-11,1005,1010,987,1007,18893.0
2014-06-12,1008,1021,998,1019,30113.0
2014-06-13,1018,1047,989,1045,46589.0
2014-06-16,1044,1044,1000,1025,30387.0
2014-06-17,1025,1038,969,988,76214.0
2014-06-18,987,990,967,985,34357.0
2014-06-19,989,1002,981,985,11310.0
2014-06-20,998,1028,979,1025,50117.0
2014-06-23,1039,1103,1028,1078,154887.0
2014-06-24,1087,1106,1038,1107,91829.0
2014-06-25,1188,1271,1077,1158,369017.0
2014-06-26,1145,1145,1088,1133,84238.0
2014-06-27,1144,1147,1085,1140,29967.0
2014-06-30,1188,1188,1105,1141,36322.0
2014-07-01,1155,1167,1103,1110,45507.0
2014-07-02,1109,1145,1085,1086,40354.0
2014-07-03,1088,1142,1080,1133,37784.0
2014-07-04,1142,1168,1124,1162,43121.0
2014-07-07,1162,1162,1132,1149,13044.0
2014-07-08,1158,1211,1140,1207,97901.0
2014-07-09,1206,1266,1201,1247,91723.0
2014-07-10,1256,1273,1207,1223,32600.0
2014-07-11,1217,1240,1175,1211,26261.0
2014-07-14,1243,1282,1220,1273,84555.0
2014-07-15,1299,1416,1287,1332,140324.0
2014-07-16,1331,1415,1291,1322,190525.0
2014-07-17,1371,1400,1327,1391,99108.0
2014-07-18,1397,1439,1361,1396,83846.0
2014-07-21,1452,1452,1201,1363,73869.0
2014-07-22,1327,1345,1281,1285,118567.0
2014-07-23,1317,1338,1269,1295,59256.0
2014-07-24,1278,1302,1265,1282,25000.0
2014-07-25,1317,1317,1256,1288,12961.0
2014-07-28,1265,1299,1263,1278,20455.0
2014-07-29,1289,1304,1207,1290,65858.0
2014-07-30,1305,1305,1209,1260,49445.0
2014-07-31,1284,1284,1211,1252,19003.0
2014-08-01,1310,1310,1253,1296,16352.0
2014-08-04,1335,1335,1302,1319,12692.0
2014-08-05,1325,1325,1274,1301,7999.0
2014-08-06,1305,1310,1273,1298,6327.0
2014-08-07,1297,1297,1242,1270,19469.0
2014-08-08,1279,1289,1207,1270,14355.0
2014-08-11,1279,1281,1245,1278,19565.0
2014-08-12,1281,1281,1234,1265,18726.0
2014-08-13,1269,1269,1234,1234,11477.0
2014-08-14,1248,1248,1203,1215,35857.0
2014-08-18,1181,1207,1154,1187,24812.0
2014-08-19,1196,1251,1149,1198,28564.0
2014-08-20,1209,1256,1183,1244,25681.0
2014-08-21,1256,1256,1217,1247,38094.0
2014-08-22,1260,1292,1216,1242,20175.0
2014-08-25,1268,1268,1220,1249,15245.0
2014-08-26,1265,1265,1214,1244,16929.0
2014-08-27,1263,1263,1194,1226,20540.0
2014-08-28,1237,1237,1198,1233,5795.0
2014-08-29,1237,1269,1207,1241,14288.0
2014-09-01,1235,1289,1227,1290,56576.0
2014-09-02,1299,1305,1274,1275,27188.0
2014-09-03,1286,1287,1256,1288,11607.0
2014-09-04,1297,1297,1255,1285,6509.0
2014-09-05,1282,1335,1276,1293,6702.0
2014-09-11,1351,1351,1274,1293,13756.0
2014-09-12,1325,1325,1250,1303,13764.0
2014-09-15,1309,1318,1279,1303,67930.0
2014-09-16,1317,1317,1287,1303,10855.0
2014-09-17,1300,1300,1256,1300,24434.0
2014-09-18,1289,1289,1265,1267,2356.0
2014-09-19,1282,1282,1243,1255,21554.0
2014-09-22,1253,1296,1247,1290,55734.0
2014-09-23,1296,1305,1273,1285,8663.0
2014-09-24,1286,1302,1269,1301,44677.0
2014-09-25,1305,1488,1305,1463,184340.0
2014-09-26,1547,1547,1428,1453,72144.0
2014-09-29,1449,1449,1346,1388,59419.0
2014-09-30,1389,1397,1310,1380,49427.0
2014-10-01,1392,1436,1349,1366,32237.0
2014-10-02,1371,1371,1315,1360,42150.0
2014-10-06,1369,1390,1338,1358,6163.0
2014-10-07,1371,1371,1338,1360,6608.0
2014-10-08,1361,1361,1299,1335,33024.0
2014-10-10,1333,1369,1297,1322,16192.0
2014-10-13,1331,1331,1258,1306,19457.0
2014-10-14,1305,1305,1247,1298,29167.0
2014-10-15,1304,1304,1261,1267,5725.0
2014-10-16,1203,1234,1175,1216,60981.0
2014-10-17,1243,1256,1193,1221,13667.0
2014-10-20,1224,1232,1191,1208,21500.0
2014-10-21,1196,1229,1191,1228,18781.0
2014-10-22,1211,1266,1211,1254,8364.0
2014-10-23,1251,1312,1196,1280,37247.0
2014-10-24,1278,1282,1243,1255,11938.0
2014-10-27,1260,1260,1216,1254,6254.0
2014-10-28,1256,1256,1201,1241,17329.0
2014-10-29,1198,1232,1198,1211,15836.0
2014-10-30,1237,1237,1170,1171,18979.0
2014-10-31,1175,1183,1142,1171,18921.0
2014-11-03,1194,1203,1149,1174,21115.0
2014-11-04,1170,1170,1111,1133,25205.0
2014-11-05,1121,1145,1105,1107,24383.0
2014-11-06,1116,1116,1080,1112,5571.0
2014-11-07,1142,1142,1078,1127,6965.0
2014-11-10,1142,1194,1111,1192,6827.0
2014-11-11,1207,1265,1191,1220,7347.0
2014-11-12,1243,1255,1176,1216,6241.0
2014-11-13,1220,1238,1181,1182,2859.0
2014-11-14,1186,1220,1162,1184,2386.0
2014-11-17,1188,1194,1162,1192,2516.0
2014-11-18,1175,1240,1142,1190,6700.0
2014-11-19,1189,1189,1142,1174,7282.0
2014-11-20,1171,1171,1077,1162,9640.0
2014-11-21,1170,1170,1108,1122,28501.0
2014-11-24,1121,1121,1090,1104,8376.0
2014-11-25,1109,1126,1090,1105,15522.0
2014-11-26,1126,1203,1109,1135,26719.0
2014-11-27,1126,1163,1113,1149,1382.0
2014-11-28,1154,1154,1100,1136,16535.0
2014-12-01,1144,1144,1065,1087,10793.0
2014-12-02,1090,1114,1083,1107,2556.0
2014-12-03,1103,1113,1101,1109,3111.0
2014-12-04,1111,1124,1090,1110,5411.0
2014-12-05,1126,1154,1098,1149,15696.0
2014-12-08,1158,1158,1126,1149,5157.0
2014-12-09,1149,1149,1109,1128,12966.0
2014-12-10,1140,1140,1095,1115,5389.0
2014-12-11,1126,1126,1075,1109,11073.0
2014-12-12,1139,1139,1098,1136,3549.0
2014-12-15,1106,1131,1098,1113,4552.0
2014-12-16,1136,1136,1093,1123,5385.0
2014-12-17,1123,1171,1096,1166,10849.0
2014-12-18,1165,1165,1119,1130,1548.0
2014-12-19,1129,1167,1080,1127,6603.0
2014-12-22,1126,1139,1078,1115,14070.0
2014-12-23,1126,1126,1093,1109,5615.0
2014-12-24,1092,1124,1085,1123,8127.0
2014-12-26,1109,1191,1109,1158,10736.0
2014-12-29,1165,1173,1119,1161,4186.0
2014-12-30,1163,1163,1142,1159,202.0
2015-01-02,1162,1162,1113,1153,15386.0
2015-01-05,1119,1152,1109,1131,5018.0
2015-01-06,1139,1139,1100,1136,5152.0
2015-01-07,1142,1175,1116,1174,2464.0
2015-01-08,1173,1180,1142,1146,812.0
2015-01-09,1150,1160,1139,1148,573.0
2015-01-12,1158,1171,1124,1172,4171.0
2015-01-13,1175,1203,1175,1202,2272.0
2015-01-14,1201,1201,1142,1143,18159.0
2015-01-15,1119,1144,1119,1136,4443.0
2015-01-16,1142,1149,1129,1141,249.0
2015-01-19,1142,1142,1119,1136,3466.0
2015-01-20,1152,1152,1140,1141,236.0
2015-01-21,1155,1155,1121,1133,2899.0
2015-01-22,1142,1149,1106,1120,17715.0
2015-01-23,1158,1158,1101,1140,3807.0
2015-01-26,1142,1142,1113,1125,4004.0
2015-01-27,1142,1142,1096,1109,10424.0
2015-01-28,1093,1136,1093,1107,21869.0
2015-01-29,1109,1134,1083,1105,29023.0
2015-01-30,1121,1121,1070,1102,18257.0
2015-02-02,1114,1114,1060,1086,21879.0
2015-02-03,1103,1103,1085,1100,5026.0
2015-02-04,1109,1109,1090,1097,2330.0
2015-02-05,1116,1116,1080,1097,12568.0
2015-02-06,1109,1126,1087,1117,7386.0
2015-02-09,1123,1185,1087,1140,34069.0
2015-02-10,1140,1142,1109,1128,11984.0
2015-02-11,1132,1152,1093,1143,19483.0
2015-02-12,1142,1154,1140,1149,4952.0
2015-02-13,1142,1149,1139,1146,5620.0
2015-02-16,1165,1217,1131,1154,30018.0
2015-02-17,1150,1150,1114,1148,9222.0
2015-02-23,1147,1147,1109,1148,30129.0
2015-02-24,1147,1167,1145,1166,6759.0
2015-02-25,1165,1180,1152,1179,27402.0
2015-02-26,1165,1238,1158,1205,8052.0
2015-02-27,1185,1271,1185,1238,37535.0
2015-03-02,1224,1331,1217,1311,56757.0
2015-03-03,1330,1331,1227,1249,30296.0
2015-03-04,1268,1268,1222,1264,14480.0
2015-03-05,1263,1266,1224,1252,4419.0
2015-03-06,1232,1238,1178,1224,16830.0
2015-03-09,1224,1240,1198,1233,9902.0
2015-03-10,1216,1240,1185,1234,13819.0
2015-03-11,1240,1242,1207,1239,2015.0
2015-03-12,1263,1263,1229,1241,4656.0
2015-03-13,1243,1243,1222,1223,9303.0
2015-03-16,1237,1237,1185,1208,9113.0
2015-03-17,1222,1222,1180,1205,11329.0
2015-03-18,1256,1256,1188,1205,1515.0
2015-03-19,1224,1224,1165,1189,9933.0
2015-03-20,1186,1186,1165,1180,5992.0
2015-03-23,1170,1211,1168,1208,3823.0
2015-03-24,1212,1220,1178,1180,2040.0
2015-03-25,1217,1217,1113,1151,22646.0
2015-03-26,1193,1193,1126,1154,8981.0
2015-03-27,1158,1186,1109,1110,40342.0
2015-03-30,1118,1158,1106,1113,16214.0
2015-03-31,1139,1139,1113,1133,8543.0
2015-04-01,1132,1145,1111,1136,6023.0
2015-04-02,1142,1149,1127,1136,14117.0
2015-04-03,1152,1157,1127,1143,5175.0
2015-04-06,1142,1170,1142,1162,7610.0
2015-04-07,1173,1180,1155,1176,7241.0
2015-04-08,1175,1178,1158,1174,6505.0
2015-04-09,1186,1186,1163,1176,6724.0
2015-04-10,1178,1198,1165,1172,8775.0
2015-04-13,1193,1193,1155,1182,5873.0
2015-04-14,1181,1181,1142,1179,7574.0
2015-04-15,1181,1181,1145,1169,11584.0
2015-04-16,1180,1183,1150,1166,8675.0
2015-04-17,1160,1176,1157,1177,13292.0
2015-04-20,1178,1178,1136,1172,12042.0
2015-04-21,1171,1191,1149,1187,11270.0
2015-04-22,1194,1234,1175,1205,35189.0
2015-04-23,1204,1219,1176,1197,14147.0
2015-04-24,1196,1207,1170,1174,14346.0
2015-04-27,1173,1191,1158,1190,28787.0
2015-04-28,1194,1204,1175,1185,6947.0
2015-04-29,1180,1219,1178,1210,46514.0
2015-04-30,1230,1230,1168,1192,8127.0
2015-05-04,1175,1206,1163,1203,16341.0
2015-05-06,1204,1204,1178,1202,6260.0
2015-05-07,1207,1242,1175,1211,46751.0
2015-05-08,1207,1251,1194,1252,40823.0
2015-05-11,1253,1271,1227,1252,44621.0
2015-05-12,1243,1297,1237,1275,44628.0
2015-05-13,1271,1338,1266,1285,59803.0
2015-05-14,1328,1328,1274,1275,15172.0
2015-05-15,1268,1287,1232,1264,26410.0
2015-05-18,1263,1263,1217,1236,5377.0
2015-05-19,1237,1250,1216,1220,17894.0
2015-05-20,1219,1219,1175,1176,36371.0
2015-05-21,1173,1198,1168,1189,8097.0
2015-05-22,1188,1201,1183,1195,8543.0
2015-05-26,1194,1217,1175,1195,23672.0
2015-05-27,1178,1194,1160,1185,15184.0
2015-05-28,1170,1219,1170,1200,7752.0
2015-05-29,1199,1199,1180,1184,4085.0
2015-06-01,1185,1193,1119,1143,52981.0
2015-06-02,1134,1194,1127,1158,14652.0
2015-06-03,1157,1168,1113,1154,15278.0
2015-06-04,1165,1185,1154,1185,4241.0
2015-06-05,1194,1212,1173,1202,8822.0
2015-06-08,1206,1206,1167,1174,6090.0
2015-06-09,1181,1181,1149,1156,6129.0
2015-06-10,1155,1271,1155,1207,23031.0
2015-06-11,1219,1240,1203,1228,5649.0
2015-06-12,1230,1242,1216,1242,12450.0
2015-06-15,1242,1258,1217,1241,19680.0
2015-06-16,1224,1251,1217,1244,8985.0
2015-06-17,1243,1364,1222,1365,104109.0
2015-06-18,1379,1462,1310,1345,100475.0
2015-06-19,1345,1374,1323,1347,13263.0
2015-06-22,1361,1452,1340,1412,73184.0
2015-06-23,1380,1433,1364,1419,38940.0
2015-06-24,1442,1503,1408,1464,65849.0
2015-06-25,1498,1526,1403,1427,101831.0
2015-06-26,1436,1478,1359,1427,15595.0
2015-06-29,1400,1400,1323,1340,25116.0
2015-06-30,1346,1416,1307,1371,13543.0
2015-07-01,1384,1398,1348,1384,12632.0
2015-07-02,1362,1397,1362,1388,10589.0
2015-07-03,1402,1402,1359,1373,7833.0
2015-07-06,1371,1371,1305,1352,16487.0
2015-07-07,1351,1397,1315,1366,16829.0
2015-07-08,1366,1428,1354,1417,35098.0
2015-07-09,1403,1429,1364,1404,24936.0
2015-07-10,1376,1434,1354,1407,30308.0
2015-07-13,1421,1451,1361,1438,13319.0
2015-07-14,1438,1438,1400,1429,17704.0
2015-07-15,1416,1475,1416,1425,10893.0
2015-07-16,1425,1452,1403,1430,21743.0
2015-07-17,1442,1442,1384,1412,19889.0
2015-07-20,1420,1436,1371,1429,15964.0
2015-07-21,1425,1493,1411,1464,24542.0
2015-07-22,1464,1469,1428,1430,5062.0
2015-07-23,1465,1465,1379,1417,8471.0
2015-07-24,1418,1420,1371,1381,5575.0
2015-07-27,1385,1385,1325,1368,14374.0
2015-07-28,1361,1367,1304,1362,17337.0
2015-07-29,1361,1364,1304,1329,18837.0
2015-07-30,1305,1369,1305,1329,5473.0
2015-07-31,1328,1341,1312,1332,1186.0
2015-08-03,1331,1387,1300,1371,7916.0
2015-08-04,1371,1379,1353,1368,4250.0
2015-08-05,1382,1382,1338,1363,1321.0
2015-08-06,1362,1377,1305,1339,9082.0
2015-08-07,1338,1349,1305,1332,10814.0
2015-08-10,1331,1345,1312,1335,2454.0
2015-08-11,1335,1351,1335,1352,7027.0
2015-08-12,1362,1362,1287,1352,8991.0
2015-08-13,1351,1351,1328,1339,691.0
2015-08-17,1338,1338,1287,1298,21626.0
2015-08-18,1297,1309,1220,1239,17814.0
2015-08-19,1237,1238,1181,1239,11226.0
2015-08-20,1248,1265,1212,1231,3495.0
2015-08-21,1224,1224,1162,1195,11476.0
2015-08-24,1175,1207,1126,1192,9061.0
2015-08-25,1191,1247,1191,1226,3835.0
2015-08-26,1237,1238,1191,1223,5556.0
2015-08-27,1234,1234,1222,1224,3195.0
2015-08-28,1227,1281,1211,1252,5057.0
2015-08-31,1251,1255,1214,1244,5680.0
2015-09-01,1243,1247,1229,1244,41.0
2015-09-02,1243,1243,1212,1233,741.0
2015-09-03,1212,1312,1212,1303,4233.0
2015-09-04,1302,1338,1258,1293,2548.0
2015-09-07,1292,1292,1256,1273,824.0
2015-09-08,1273,1345,1245,1260,8734.0
2015-09-09,1260,1312,1258,1260,2185.0
2015-09-10,1260,1273,1217,1273,2077.0
2015-09-11,1273,1328,1247,1329,9074.0
2015-09-14,1318,1318,1234,1242,24032.0
2015-09-15,1242,1248,1230,1238,2612.0
2015-09-16,1237,1273,1234,1254,20348.0
2015-09-17,1253,1256,1224,1241,4266.0
2015-09-18,1245,1260,1227,1251,4589.0
2015-09-21,1261,1261,1214,1247,4839.0
2015-09-22,1248,1248,1235,1244,1250.0
2015-09-23,1243,1253,1175,1241,13880.0
2015-09-24,1248,1296,1224,1265,6493.0
2015-09-25,1273,1389,1234,1270,51358.0
2015-09-30,1273,1305,1258,1270,5760.0
2015-10-01,1274,1299,1256,1273,10979.0
2015-10-02,1273,1299,1260,1287,8790.0
2015-10-05,1296,1325,1274,1300,28067.0
2015-10-06,1299,1300,1273,1300,7810.0
2015-10-07,1310,1371,1274,1334,12694.0
2015-10-08,1333,1333,1305,1329,4629.0
2015-10-12,1343,1351,1318,1339,7557.0
2015-10-13,1351,1377,1305,1306,7175.0
2015-10-14,1305,1318,1289,1316,5791.0
2015-10-15,1305,1707,1282,1659,736488.0
2015-10-16,1387,1429,1351,1383,506314.0
2015-10-19,1387,1403,1345,1368,91788.0
2015-10-20,1367,1380,1333,1371,62626.0
2015-10-21,1382,1397,1338,1370,56270.0
2015-10-22,1377,1420,1348,1375,55793.0
2015-10-23,1364,1403,1354,1373,34400.0
2015-10-26,1374,1397,1362,1363,18450.0
2015-10-27,1393,1393,1336,1353,14099.0
2015-10-28,1353,1354,1314,1321,26544.0
2015-10-29,1314,1348,1314,1327,7588.0
2015-10-30,1314,1327,1256,1269,29240.0
2015-11-02,1268,1281,1242,1257,12757.0
2015-11-03,1273,1273,1251,1264,8202.0
2015-11-04,1260,1286,1260,1285,15343.0
2015-11-05,1284,1299,1278,1283,4131.0
2015-11-06,1302,1302,1261,1290,11446.0
2015-11-09,1297,1297,1243,1244,20445.0
2015-11-10,1206,1232,1206,1221,12755.0
2015-11-11,1220,1232,1209,1213,3064.0
2015-11-12,1225,1227,1204,1223,8070.0
2015-11-13,1219,1247,1181,1238,15750.0
2015-11-16,1206,1216,1149,1149,42630.0
2015-11-17,1162,1162,1111,1148,25798.0
2015-11-18,1147,1147,1109,1120,20540.0
2015-11-19,1119,1149,1119,1135,10726.0
2015-11-20,1134,1158,1129,1156,2558.0
2015-11-23,1160,1160,1139,1156,4321.0
2015-11-24,1158,1171,1129,1148,6516.0
2015-11-25,1155,1155,1134,1146,27218.0
2015-11-26,1145,1168,1134,1143,2785.0
2015-11-27,1142,1163,1131,1144,10918.0
2015-11-30,1144,1160,1116,1136,5790.0
2015-12-01,1121,1158,1121,1153,5504.0
2015-12-02,1155,1158,1142,1159,6217.0
2015-12-03,1158,1271,1158,1215,50543.0
2015-12-04,1185,1234,1185,1221,8873.0
2015-12-07,1234,1234,1193,1197,2840.0
2015-12-08,1186,1204,1176,1197,5228.0
2015-12-09,1220,1220,1185,1200,7644.0
2015-12-10,1199,1199,1165,1166,1520.0
2015-12-11,1131,1162,1116,1140,11328.0
2015-12-14,1139,1199,1111,1117,12709.0
2015-12-15,1116,1194,1116,1120,5190.0
2015-12-16,1113,1160,1113,1143,1721.0
2015-12-17,1142,1204,1129,1193,7689.0
2015-12-18,1193,1194,1144,1159,3145.0
2015-12-21,1158,1163,1150,1153,8008.0
2015-12-22,1152,1170,1142,1156,9007.0
2015-12-23,1155,1165,1145,1166,5549.0
2015-12-24,1165,1171,1144,1154,4947.0
2015-12-28,1137,1165,1124,1133,16016.0
2015-12-29,1126,1165,1126,1153,8384.0
2015-12-30,1160,1160,1116,1143,16155.0
2016-01-04,1126,1140,1109,1128,19981.0
2016-01-05,1126,1136,1113,1130,8039.0
2016-01-06,1155,1155,1109,1141,12747.0
2016-01-07,1119,1127,1075,1107,64155.0
2016-01-08,1078,1106,1077,1099,19011.0
2016-01-11,1096,1105,1082,1096,15312.0
2016-01-12,1095,1103,1080,1091,26973.0
2016-01-13,1105,1105,1092,1092,1732.0
2016-01-14,1092,1119,1092,1102,14046.0
2016-01-15,1106,1109,1090,1100,23356.0
2016-01-18,1067,1096,1067,1091,37128.0
2016-01-19,1090,1101,1082,1092,16803.0
2016-01-20,1092,1101,1077,1096,15291.0
2016-01-21,1083,1096,1083,1087,4488.0
2016-01-22,1087,1109,1083,1096,6071.0
2016-01-25,1095,1100,1083,1089,13843.0
2016-01-26,1088,1098,1077,1078,14016.0
2016-01-27,1078,1106,1078,1084,35226.0
2016-01-28,1083,1096,1067,1086,8116.0
2016-01-29,1087,1093,1074,1094,19805.0
2016-02-01,1082,1103,1077,1091,5096.0
2016-02-02,1100,1100,1078,1089,3814.0
2016-02-03,1080,1088,1069,1071,2634.0
2016-02-04,1062,1100,1062,1100,6136.0
2016-02-05,1092,1100,1090,1096,2302.0
2016-02-11,1083,1083,1062,1076,8026.0
2016-02-12,1060,1075,1020,1029,26554.0
2016-02-15,1028,1075,1028,1073,3202.0
2016-02-16,1072,1093,1044,1068,3397.0
2016-02-17,1067,1074,1044,1069,4617.0
2016-02-18,1069,1078,1056,1074,6183.0
2016-02-19,1080,1080,1052,1065,3449.0
2016-02-22,1047,1077,1047,1069,1853.0
2016-02-23,1080,1080,1049,1074,685.0
2016-02-24,1080,1080,1059,1068,3079.0
2016-02-25,1067,1067,1060,1063,3072.0
2016-02-26,1062,1074,1054,1074,23059.0
2016-02-29,1074,1074,1047,1068,7726.0
2016-03-02,1070,1101,1070,1082,16618.0
2016-03-03,1082,1093,1080,1081,5343.0
2016-03-04,1077,1085,1069,1074,4898.0
2016-03-07,1074,1093,1072,1073,17171.0
2016-03-08,1082,1093,1069,1081,19039.0
2016-03-09,1080,1101,1070,1089,10183.0
2016-03-10,1077,1096,1077,1094,13906.0
2016-03-11,1093,1136,1080,1118,78351.0
2016-03-14,1111,1137,1100,1100,20414.0
2016-03-15,1101,1181,1101,1125,66433.0
2016-03-16,1131,1175,1109,1117,39043.0
2016-03-17,1114,1134,1109,1120,24588.0
2016-03-18,1100,1136,1100,1123,11062.0
2016-03-21,1134,1134,1051,1074,146111.0
2016-03-22,1074,1085,933,1025,280981.0
2016-03-23,1026,1051,1021,1040,21665.0
2016-03-24,1041,1051,1034,1038,11955.0
2016-03-25,1038,1064,1038,1060,12154.0
2016-03-28,1070,1077,1051,1066,16717.0
2016-03-29,1074,1087,1060,1084,20101.0
2016-03-30,1083,1085,1069,1081,12939.0
2016-03-31,1087,1087,1064,1084,10538.0
2016-04-01,1087,1095,1064,1092,18889.0
2016-04-04,1092,1100,1078,1089,14276.0
2016-04-05,1096,1121,1088,1105,21139.0
2016-04-06,1093,1106,1093,1107,29159.0
2016-04-07,1101,1124,1098,1109,33941.0
2016-04-08,1101,1109,1085,1102,30907.0
2016-04-11,1101,1114,1093,1105,12631.0
2016-04-12,1101,1109,1088,1100,16100.0
2016-04-14,1090,1116,1087,1097,23260.0
2016-04-15,1087,1114,1082,1110,15651.0
2016-04-18,1109,1114,1096,1105,9037.0
2016-04-19,1106,1106,1093,1096,10647.0
2016-04-20,1101,1101,1090,1099,10566.0
2016-04-21,1098,1123,1096,1110,31760.0
2016-04-22,1109,1171,1109,1154,91398.0
2016-04-25,1173,1207,1158,1192,78156.0
2016-04-26,1180,1274,1176,1275,210209.0
2016-04-27,1371,1655,1371,1540,4340974.0
2016-04-28,1506,1828,1436,1525,2563794.0
2016-04-29,1521,1560,1387,1414,665229.0
2016-05-02,1389,1403,1289,1319,372040.0
2016-05-03,1305,1325,1268,1290,308381.0
2016-05-04,1274,1289,1247,1290,137840.0
2016-05-09,1312,1390,1289,1309,641462.0
2016-05-10,1309,1320,1282,1311,140990.0
2016-05-11,1331,1331,1297,1311,99333.0
2016-05-12,1302,1385,1299,1345,342610.0
2016-05-13,1356,1356,1312,1321,70990.0
2016-05-16,1323,1331,1279,1285,90022.0
2016-05-17,1286,1325,1256,1326,94243.0
2016-05-18,1328,1351,1271,1273,114117.0
2016-05-19,1278,1281,1214,1223,93351.0
2016-05-20,1222,1271,1191,1210,91601.0
2016-05-23,1250,1266,1220,1264,47552.0
2016-05-24,1276,1282,1240,1264,74321.0
2016-05-25,1273,1273,1230,1244,50676.0
2016-05-26,1243,1266,1237,1246,20410.0
2016-05-27,1242,1271,1234,1257,33105.0
2016-05-30,1253,1255,1211,1254,49940.0
2016-05-31,1256,1266,1237,1259,55353.0
2016-06-01,1266,1333,1256,1311,143095.0
2016-06-02,1323,1333,1281,1306,58507.0
2016-06-03,1305,1305,1260,1300,60698.0
2016-06-07,1361,1400,1292,1296,318371.0
2016-06-08,1309,1309,1265,1280,60756.0
2016-06-09,1269,1289,1243,1260,61483.0
2016-06-10,1269,1269,1234,1249,34149.0
2016-06-13,1240,1240,1207,1233,65500.0
2016-06-14,1234,1240,1207,1224,48536.0
2016-06-15,1224,1274,1216,1246,92663.0
2016-06-16,1240,1240,1203,1205,69140.0
2016-06-17,1207,1219,1183,1205,39989.0
2016-06-20,1181,1214,1181,1211,30405.0
2016-06-21,1211,1211,1191,1208,32952.0
2016-06-22,1209,1230,1201,1220,25656.0
2016-06-23,1227,1227,1183,1205,32747.0
2016-06-24,1204,1207,1051,1117,94181.0
2016-06-27,1093,1123,1083,1110,53236.0
2016-06-28,1109,1217,1095,1202,143294.0
2016-06-29,1191,1211,1147,1208,61923.0
2016-06-30,1194,1220,1183,1192,30519.0
2016-07-01,1203,1216,1188,1208,43006.0
2016-07-04,1207,1274,1206,1241,144246.0
2016-07-05,1247,1247,1217,1239,30688.0
2016-07-06,1250,1250,1207,1223,32155.0
2016-07-07,1222,1251,1212,1247,53473.0
2016-07-08,1338,1519,1289,1300,3053037.0
2016-07-11,1299,1304,1261,1304,191718.0
2016-07-12,1315,1354,1302,1335,197207.0
2016-07-13,1335,1346,1307,1327,92928.0
2016-07-14,1338,1348,1305,1332,74366.0
2016-07-15,1346,1346,1314,1318,67349.0
2016-07-18,1317,1361,1292,1358,135534.0
2016-07-19,1369,1420,1354,1394,193738.0
2016-07-20,1407,1415,1359,1373,74390.0
2016-07-21,1372,1380,1323,1326,91929.0
2016-07-22,1314,1353,1309,1314,49343.0
2016-07-25,1317,1354,1292,1349,50705.0
2016-07-26,1348,1351,1304,1329,56618.0
2016-07-27,1328,1338,1299,1329,45136.0
2016-07-28,1327,1341,1317,1327,26850.0
2016-07-29,1327,1341,1322,1337,27804.0
2016-08-01,1346,1346,1323,1327,50258.0
2016-08-02,1333,1336,1320,1324,36839.0
2016-08-03,1315,1336,1300,1306,49761.0
2016-08-04,1305,1331,1305,1318,29821.0
2016-08-05,1330,1377,1322,1378,122861.0
2016-08-08,1400,1446,1340,1411,223700.0
2016-08-09,1420,1420,1376,1402,68858.0
2016-08-10,1403,1457,1390,1433,145509.0
2016-08-11,1452,1452,1410,1415,74403.0
2016-08-12,1415,1426,1366,1384,69476.0
2016-08-16,1385,1423,1376,1404,53474.0
2016-08-17,1403,1407,1372,1391,34425.0
2016-08-18,1390,1403,1372,1375,24359.0
2016-08-19,1362,1385,1362,1375,30058.0
2016-08-22,1377,1400,1315,1339,40305.0
2016-08-23,1331,1333,1305,1308,25721.0
2016-08-24,1307,1697,1307,1698,2056191.0
2016-08-25,1655,2056,1615,1757,3878793.0
2016-08-26,1756,2014,1648,1809,1766382.0
2016-08-29,1828,2014,1766,1900,1312099.0
2016-08-30,1870,2151,1854,1962,1588396.0
2016-08-31,1975,1981,1851,1884,408853.0
2016-09-01,1851,1952,1772,1952,338801.0
2016-09-02,1965,2370,1932,2210,2320250.0
2016-09-05,2252,2350,2187,2308,718291.0
2016-09-06,2308,2507,2167,2328,920135.0
2016-09-07,2347,2432,2268,2400,353416.0
2016-09-08,2415,2507,2285,2423,302602.0
2016-09-09,2386,2438,2295,2295,193986.0
2016-09-12,2236,2272,2164,2217,146956.0
2016-09-13,2190,2392,2180,2357,153531.0
2016-09-19,2334,2396,2298,2364,87505.0
2016-09-20,2340,2801,2337,2765,686188.0
2016-09-21,2791,3088,2781,2945,464575.0
2016-09-22,2915,3064,2784,3043,215446.0
2016-09-23,3068,3297,3045,3226,508557.0
2016-09-26,3231,3297,3166,3298,204846.0
2016-09-27,3296,3395,3192,3265,144360.0
2016-09-28,3264,3427,3218,3226,172231.0
2016-09-29,3235,3313,3134,3232,118601.0
2016-09-30,3231,3258,3068,3232,66650.0
2016-10-04,3264,3542,3218,3235,155976.0
2016-10-05,3169,3258,3055,3079,119944.0
2016-10-06,3150,3280,3085,3255,120518.0
2016-10-07,3280,3297,3104,3219,60920.0
2016-10-10,3169,3264,3140,3167,28007.0
2016-10-11,3160,3215,3088,3206,74929.0
2016-10-12,3261,3346,3147,3206,95639.0
2016-10-13,3209,3209,2938,3020,128380.0
2016-10-14,3009,3150,3003,3085,74585.0
2016-10-17,3094,3297,3094,3262,136754.0
2016-10-18,3362,3721,2856,2935,777636.0
2016-10-19,3091,3231,2608,2720,717050.0
2016-10-20,2719,2853,2317,2334,903073.0
2016-10-21,2396,2556,2376,2521,804363.0
2016-10-24,2520,2801,2520,2749,557114.0
2016-10-25,2644,2748,2461,2543,253725.0
2016-10-26,2579,2634,2383,2462,136011.0
2016-10-27,2543,2611,2399,2612,119742.0
2016-10-28,2608,2644,2464,2583,167472.0
2016-10-31,2582,2660,2481,2524,120184.0
2016-11-01,2523,2569,2402,2521,125067.0
2016-11-02,2676,2676,2585,2625,200654.0
2016-11-03,2569,2650,2569,2576,68032.0
2016-11-04,2621,2621,2497,2615,80252.0
2016-11-07,2628,2644,2513,2534,93844.0
2016-11-08,2546,2644,2546,2596,134051.0
2016-11-09,2559,2611,2285,2416,121618.0
2016-11-10,2435,2624,2435,2596,106661.0
2016-11-11,2611,2628,2549,2586,31391.0
2016-11-14,2585,2585,2458,2494,63816.0
2016-11-15,2494,2494,2383,2410,67141.0
2016-11-16,2337,2438,2337,2419,109006.0
2016-11-17,2415,2425,2301,2328,87680.0
2016-11-18,2291,2350,2203,2204,82347.0
2016-11-21,2206,2441,2206,2380,158274.0
2016-11-22,2383,2435,2304,2390,52903.0
2016-11-23,2389,2683,2366,2569,348720.0
2016-11-24,2745,2905,2628,2684,257765.0
2016-11-25,2709,2765,2670,2703,59129.0
2016-11-28,2735,2735,2663,2694,74135.0
2016-11-29,2641,2755,2373,2442,153186.0
2016-11-30,2441,2559,2441,2524,96785.0
2016-12-01,2523,2977,2451,2978,501993.0
2016-12-02,3378,3525,2951,3017,740938.0
2016-12-05,3023,3224,2882,3069,309992.0
2016-12-06,3068,3114,2938,2945,148736.0
2016-12-07,2908,3150,2791,3079,250479.0
2016-12-08,3094,3231,3078,3190,269985.0
2016-12-09,3199,3264,3124,3235,141153.0
2016-12-12,3329,3395,3264,3330,201749.0
2016-12-13,3329,3411,3036,3036,221013.0
2016-12-14,3085,3198,2934,3154,138104.0
2016-12-15,3153,3189,3049,3062,71240.0
2016-12-16,3062,3150,2882,2909,157143.0
2016-12-19,3036,3036,2938,3020,106454.0
2016-12-20,3055,3346,2987,3229,205364.0
2016-12-21,3231,3591,3231,3542,559531.0
2016-12-22,3542,3688,3362,3559,370203.0
2016-12-23,3591,3819,3525,3738,341622.0
2016-12-26,3721,3868,3623,3836,204468.0
2016-12-27,3884,3884,3705,3820,147838.0
2016-12-28,3884,3884,3737,3852,97922.0
2016-12-29,3819,4080,3803,3885,210937.0
2017-01-02,3917,4178,3868,3967,109492.0
2017-01-03,3966,4015,3803,3983,103204.0
2017-01-04,3999,4195,3819,3885,195767.0
2017-01-05,3884,3966,3427,3542,407451.0
2017-01-06,3542,3574,3261,3298,371914.0
2017-01-09,3362,3493,3362,3412,157823.0
2017-01-10,3411,3444,3280,3412,61290.0
2017-01-11,3329,3427,3329,3395,63649.0
2017-01-12,3444,3444,3199,3255,129263.0
2017-01-13,3280,3313,2970,3147,309366.0
2017-01-16,3143,3852,3019,3591,529121.0
2017-01-17,3574,3754,3542,3608,265837.0
2017-01-18,3574,3917,3460,3722,469416.0
2017-01-19,3721,3982,3721,3918,280945.0
2017-01-20,3933,4162,3280,3461,380412.0
2017-01-23,3395,3444,3169,3170,228584.0
2017-01-24,3182,3493,3182,3314,188170.0
2017-01-25,3264,3427,3264,3412,86689.0
2017-01-26,3427,3427,3329,3395,34979.0
2017-01-31,3411,3444,3346,3412,42560.0
2017-02-01,3411,3509,3362,3493,34465.0
2017-02-02,3493,3542,3395,3444,64681.0
2017-02-03,3493,3656,3411,3608,88522.0
2017-02-06,3672,3672,3264,3298,159504.0
2017-02-07,3362,3362,3026,3069,229560.0
2017-02-08,3166,3179,2980,3056,96857.0
2017-02-09,3055,3228,3052,3193,70203.0
2017-02-10,3196,3258,3150,3193,25152.0
2017-02-13,3192,3280,3153,3245,52071.0
2017-02-14,3241,3313,3218,3255,24524.0
2017-02-15,3264,3280,3124,3193,39771.0
2017-02-16,3150,3222,3137,3196,32639.0
2017-02-17,3199,3212,3062,3062,53657.0
2017-02-20,3036,3140,3009,3062,41141.0
2017-02-21,3111,3127,3036,3085,20456.0
2017-02-22,3192,3192,3084,3115,27532.0
2017-02-23,3068,3156,3023,3131,31732.0
2017-02-24,3143,3150,3068,3138,31497.0
2017-02-27,3117,3140,3013,3023,44489.0
2017-02-28,3006,3117,2879,3062,82357.0
2017-03-02,3134,3134,3026,3033,47733.0
2017-03-03,3098,3476,2872,3134,566000.0
2017-03-06,3143,3378,3143,3298,179391.0
2017-03-07,3329,3346,3264,3330,68980.0
2017-03-08,3329,3427,3313,3395,140802.0
2017-03-09,3444,3444,3329,3346,79299.0
2017-03-10,3313,3395,3150,3167,104002.0
2017-03-13,3166,3591,3166,3559,296694.0
2017-03-14,3558,3689,3525,3640,152926.0
2017-03-15,3656,3754,3607,3657,103097.0
2017-03-16,3607,3835,3607,3738,88387.0
2017-03-17,3786,3786,3509,3706,62127.0
2017-03-20,3672,4031,3623,3852,204205.0
2017-03-21,3917,4162,3852,3999,164072.0
2017-03-22,4031,4080,3884,4032,99113.0
2017-03-23,4031,4080,3950,4065,74069.0
2017-03-24,4129,4341,4031,4261,171818.0
2017-03-27,4423,4586,4243,4244,227130.0
2017-03-28,4243,4554,4227,4554,159654.0
2017-03-29,4635,4635,4439,4538,130369.0
2017-03-30,4488,4505,4048,4228,261321.0
2017-03-31,4243,4488,4129,4440,112186.0
2017-04-03,4390,4619,4129,4195,184276.0
2017-04-04,4211,4325,4080,4212,65769.0
2017-04-05,4243,4374,4195,4228,86354.0
2017-04-06,4195,4374,4195,4375,52099.0
2017-04-07,4341,4407,4227,4244,53227.0
2017-04-10,4211,4292,4097,4163,82867.0
2017-04-11,4162,4211,3999,4114,78043.0
2017-04-12,4080,4113,3884,3950,81368.0
2017-04-13,3852,4048,3852,4048,44074.0
2017-04-14,4064,4080,3884,3950,44517.0
2017-04-17,3950,4048,3950,3999,45992.0
2017-04-18,3982,4064,3933,4032,41650.0
2017-04-19,3966,4015,3917,3983,18383.0
2017-04-20,3917,4080,3884,4081,52804.0
2017-04-21,4097,4112,4048,4081,38224.0
2017-04-24,4146,4260,4097,4244,71456.0
2017-04-25,4260,4374,4211,4375,59430.0
2017-04-26,4374,4407,4129,4146,79424.0
2017-04-27,4146,4260,4064,4163,37052.0
2017-04-28,4097,4178,4048,4081,33862.0
2017-05-02,3999,4162,3999,4081,24700.0
2017-05-04,4113,4243,4097,4212,31509.0
2017-05-08,4227,4276,4080,4212,30333.0
2017-05-10,4276,4276,4178,4212,23197.0
2017-05-11,4243,4292,4146,4293,47875.0
2017-05-12,4341,4733,4309,4636,220568.0
2017-05-15,4668,4880,4635,4799,185995.0
2017-05-16,4798,4994,4701,4946,156777.0
2017-05-17,5043,5288,4994,5289,272145.0
2017-05-18,5304,5304,5076,5240,163092.0
2017-05-19,5223,6202,5223,5926,424351.0
2017-05-22,5794,6039,5762,6040,297386.0
2017-05-23,6006,6431,6006,6399,353453.0
2017-05-24,6317,6382,6072,6334,134806.0
2017-05-25,6300,6512,6186,6399,73781.0
2017-05-26,6382,6594,6300,6562,249329.0
2017-05-29,6480,6578,5778,5779,214480.0
2017-05-30,5664,6529,5647,6268,185696.0
2017-05-31,6268,6300,6039,6203,157197.0
2017-06-01,6137,6235,5794,6236,378344.0
2017-06-02,6170,6300,5941,6203,205319.0
2017-06-05,6186,6202,5974,6089,213964.0
2017-06-07,5990,6088,5859,6056,180732.0
2017-06-08,5974,6006,5794,5795,45550.0
2017-06-09,5827,6219,5827,6121,150786.0
2017-06-12,6104,6104,5810,5942,87559.0
2017-06-13,5957,5974,5762,5926,107873.0
2017-06-14,5925,5941,5713,5713,39218.0
2017-06-15,5713,6023,5435,6007,164355.0
2017-06-16,6006,6006,5631,5697,67112.0
2017-06-19,5696,5794,5549,5762,60018.0
2017-06-20,5745,5876,5647,5648,37786.0
2017-06-21,5664,5827,5615,5664,74180.0
2017-06-22,5631,5859,5190,5648,153430.0
2017-06-23,5533,5615,5402,5566,53728.0
2017-06-26,5647,5647,5190,5256,118930.0
2017-06-27,5321,5353,4864,4865,192569.0
2017-06-28,4896,4994,4798,4816,105667.0
2017-06-29,4864,5598,4831,5550,319113.0
2017-06-30,5549,5713,5321,5517,216330.0
2017-07-03,5223,5713,5125,5697,163116.0
2017-07-04,5696,5892,5615,5828,149941.0
2017-07-05,5843,5957,5696,5909,98890.0
2017-07-06,5859,5957,5827,5909,38668.0
2017-07-07,5859,5974,5810,5909,63807.0
2017-07-10,5843,5908,5664,5762,66067.0
2017-07-11,5745,5843,5517,5566,57284.0
2017-07-12,5598,5680,5386,5648,71920.0
2017-07-13,5582,5680,5451,5452,43930.0
2017-07-14,5386,5468,5190,5289,82187.0
2017-07-17,5337,5386,5272,5387,50773.0
2017-07-18,5402,5762,5402,5583,183418.0
2017-07-19,5582,5778,5582,5762,81087.0
2017-07-20,5827,5908,5680,5681,132329.0
2017-07-21,5680,5680,5353,5452,195936.0
2017-07-24,5468,5582,5386,5517,72421.0
2017-07-25,5566,5745,5386,5615,140253.0
2017-07-26,5647,6136,5647,6138,372147.0
2017-07-27,6136,6316,6072,6170,298204.0
2017-07-28,6170,6283,5876,6040,197316.0
2017-07-31,6039,6039,5794,5877,106336.0
2017-08-01,5925,5925,5647,5811,94911.0
2017-08-02,5843,5843,5582,5795,109040.0
2017-08-03,5810,5908,5582,5877,131999.0
2017-08-04,5859,5908,5762,5844,48824.0
2017-08-07,5843,5859,5615,5615,76422.0
2017-08-08,5631,5778,5451,5713,105095.0
2017-08-09,5696,5762,5615,5746,61425.0
2017-08-10,5745,5745,5533,5681,80717.0
2017-08-11,5517,5631,5451,5517,62771.0
2017-08-14,5517,5664,5484,5583,41354.0
2017-08-16,5680,5680,5549,5632,58552.0
2017-08-17,5647,5647,5304,5338,136966.0
2017-08-18,5451,5615,5353,5615,99585.0
2017-08-21,5615,5631,5402,5517,81022.0
2017-08-22,5468,5468,4619,4701,417357.0
2017-08-23,4896,4913,4439,4767,409016.0
2017-08-24,4717,4847,4570,4848,160342.0
2017-08-25,4766,4880,4733,4799,90489.0
2017-08-28,4733,4798,4570,4587,97996.0
2017-08-29,4603,4619,4178,4358,619154.0
2017-08-30,4358,4994,4292,4881,433293.0
2017-08-31,4896,5109,4684,4962,239221.0
2017-09-01,4913,5043,4815,5028,82763.0
2017-09-04,4880,5043,4831,4946,61062.0
2017-09-05,4896,4962,4521,4652,191765.0
2017-09-06,4782,4994,4750,4962,124250.0
2017-09-07,5027,5043,4864,4946,84124.0
2017-09-08,4831,4929,4782,4865,78863.0
2017-09-11,4864,5386,4864,5207,356397.0
2017-09-12,5239,5353,4798,4946,337543.0
2017-09-13,4798,4815,4521,4783,280237.0
2017-09-14,4782,4815,4537,4603,174760.0
2017-09-15,4603,4635,4374,4456,314109.0
2017-09-18,4488,4619,4456,4489,114125.0
2017-09-19,4570,4652,4521,4636,81471.0
2017-09-20,4668,4668,4456,4636,80434.0
2017-09-21,4603,4603,4325,4538,177045.0
2017-09-22,4537,4570,4309,4440,119037.0
2017-09-25,4456,4554,4292,4489,143397.0
2017-09-26,4537,4554,4309,4473,157038.0
2017-09-27,4472,4488,4260,4261,106545.0
2017-09-28,4064,4243,2987,2987,1719020.0
2017-09-29,2317,2461,2092,2132,6194978.0
2017-10-10,2151,2242,1805,1897,3081078.0
2017-10-11,1991,2180,1939,2096,3172941.0
2017-10-12,2050,2125,1988,2001,844793.0
2017-10-13,2020,2073,1913,1946,612912.0
2017-10-16,1906,1926,1769,1819,720272.0
2017-10-17,1818,1883,1805,1822,469019.0
2017-10-18,1844,1867,1678,1698,765866.0
2017-10-19,1733,1775,1664,1704,650638.0
2017-10-20,1736,2017,1704,1832,3750189.0
2017-10-23,1844,1854,1762,1766,493198.0
2017-10-24,1795,1919,1769,1855,824367.0
2017-10-25,1857,1991,1851,1897,993282.0
2017-10-26,1919,2037,1916,1949,758787.0
2017-10-27,1955,1997,1883,1900,303455.0
2017-10-30,1916,1919,1837,1884,276125.0
2017-10-31,1886,1893,1815,1851,251172.0
2017-11-01,1867,1916,1841,1900,329853.0
2017-11-02,1926,2167,1900,2067,1861664.0
2017-11-03,2102,2108,1942,1969,673279.0
2017-11-06,1984,1991,1890,1913,331077.0
2017-11-07,1900,1962,1886,1923,250442.0
2017-11-08,1926,1939,1890,1897,253922.0
2017-11-09,1903,1929,1883,1920,171387.0
2017-11-10,1893,1935,1893,1917,104423.0
2017-11-13,1935,1939,1854,1894,182829.0
2017-11-14,1896,1988,1890,1988,385538.0
2017-11-15,1988,2004,1909,1913,217702.0
2017-11-16,1896,1991,1877,1956,314729.0
2017-11-17,1935,1975,1896,1910,251393.0
2017-11-20,1913,1975,1909,1920,168043.0
2017-11-21,1906,1926,1844,1884,247152.0
2017-11-22,1873,1893,1802,1822,220307.0
2017-11-23,1824,1896,1805,1858,175072.0
2017-11-24,1844,1919,1844,1907,142459.0
2017-11-27,1906,1909,1821,1835,297060.0
2017-11-28,1834,1851,1811,1812,177641.0
2017-11-29,1811,1837,1789,1812,121996.0
2017-11-30,1821,1837,1802,1809,86350.0
2017-12-01,1824,1975,1808,1920,525918.0
2017-12-04,1932,1939,1821,1838,233889.0
2017-12-05,1821,1886,1766,1851,168895.0
2017-12-06,1834,1867,1782,1793,192553.0
2017-12-07,1792,1805,1704,1724,217813.0
2017-12-08,1697,1736,1614,1649,190385.0
2017-12-11,1648,1668,1565,1662,177891.0
2017-12-12,1638,1762,1567,1737,216833.0
2017-12-13,1717,1730,1668,1685,109692.0
2017-12-14,1664,1857,1664,1779,450787.0
2017-12-15,1779,1798,1697,1717,129381.0
2017-12-18,1740,1785,1717,1730,140005.0
2017-12-19,1687,1723,1622,1665,212088.0
2017-12-20,1632,1687,1583,1584,168608.0
2017-12-21,1469,1496,1400,1435,618237.0
2017-12-22,1423,1483,1416,1460,180934.0
2017-12-26,1491,1491,1354,1373,261381.0
2017-12-27,1372,1449,1366,1437,200827.0
2017-12-28,1438,1547,1423,1469,223856.0
2018-01-02,1501,1658,1482,1649,239766.0
2018-01-03,1681,1740,1632,1698,246843.0
2018-01-04,1723,1723,1630,1668,188920.0
2018-01-05,1691,1691,1648,1672,93373.0
2018-01-08,1691,1691,1619,1636,121941.0
2018-01-09,0,0,0,1636,0.0
2018-01-10,1588,1629,1550,1587,126102.0
2018-01-11,1596,1596,1516,1579,150346.0
2018-01-12,1588,1588,1522,1541,103446.0
2018-01-15,1573,1573,1518,1574,39105.0
2018-01-16,1581,1648,1553,1611,90198.0
2018-01-17,1599,1635,1552,1561,69872.0
2018-01-18,1560,1609,1539,1593,54594.0
2018-01-19,1607,1607,1549,1549,102816.0
2018-01-22,1549,1565,1539,1543,38331.0
2018-01-23,1549,1560,1526,1551,112359.0
2018-01-24,1552,1570,1527,1557,82455.0
2018-01-25,1576,1697,1558,1685,346043.0
2018-01-26,1694,1707,1648,1665,159522.0
2018-01-29,1664,1687,1629,1659,118931.0
2018-01-30,1642,1730,1630,1727,191010.0
2018-01-31,1762,1893,1726,1744,819020.0
2018-02-01,1759,1759,1648,1685,193275.0
2018-02-02,1707,1707,1568,1600,182787.0
2018-02-05,1570,1570,1529,1546,121011.0
2018-02-06,1488,1514,1421,1477,170407.0
2018-02-07,1482,1599,1442,1448,188473.0
2018-02-08,1464,1524,1447,1504,96370.0
2018-02-09,1446,1483,1442,1474,55696.0
2018-02-12,1478,1495,1439,1456,66566.0
2018-02-13,1469,1469,1398,1440,92236.0
2018-02-14,1460,1460,1398,1437,57452.0
2018-02-19,1441,1467,1431,1456,135880.0
2018-02-20,1457,1571,1451,1533,200734.0
2018-02-21,1518,1562,1498,1513,33816.0
2018-02-22,1513,1560,1495,1510,49422.0
2018-02-23,1509,1531,1460,1477,59694.0
2018-02-26,1498,1612,1473,1546,195911.0
2018-02-27,1549,1562,1493,1510,79804.0
2018-02-28,1487,1534,1462,1463,59922.0
2018-03-02,1429,1459,1410,1433,89061.0
2018-03-05,1416,1442,1372,1373,68725.0
2018-03-06,1377,1397,1284,1306,328233.0
2018-03-07,1305,1320,1265,1295,132696.0
2018-03-08,1305,1343,1296,1335,88389.0
2018-03-09,1338,1346,1310,1347,55703.0
2018-03-12,1348,1397,1348,1384,80186.0
2018-03-13,1371,1416,1371,1398,86149.0
2018-03-14,1415,1504,1358,1492,229043.0
2018-03-15,1491,1491,1449,1463,82564.0
2018-03-16,1462,1900,1462,1900,6270453.0
2018-03-19,0,0,0,1900,0.0
2018-03-20,0,0,0,1900,0.0
2018-03-21,0,0,0,1900,0.0
2018-03-22,0,0,0,1900,0.0
2018-03-23,0,0,0,1900,0.0
2018-03-26,0,0,0,1900,0.0
2018-03-27,0,0,0,1900,0.0
2018-03-28,0,0,0,1900,0.0
2018-03-29,0,0,0,1900,0.0
2018-03-30,0,0,0,1900,0.0
2018-04-02,0,0,0,1900,0.0
2018-04-03,0,0,0,1900,0.0
2018-04-04,0,0,0,1900,0.0
2018-04-05,0,0,0,1900,0.0
2018-04-06,0,0,0,1900,0.0
2018-04-09,0,0,0,1900,0.0
2018-04-10,0,0,0,1900,0.0
2018-04-11,0,0,0,1900,0.0
2018-04-12,0,0,0,1900,0.0
2018-04-13,0,0,0,1900,0.0
2018-04-16,0,0,0,1900,0.0
2018-04-17,0,0,0,1900,0.0
2018-04-18,0,0,0,1900,0.0
2018-04-19,0,0,0,1900,0.0
2018-04-20,0,0,0,1900,0.0
2018-04-23,0,0,0,1900,0.0
2018-04-24,0,0,0,1900,0.0
2018-04-25,0,0,0,1900,0.0
2018-04-26,0,0,0,1900,0.0
2018-04-27,0,0,0,1900,0.0
2018-04-30,0,0,0,1900,0.0
2018-05-02,0,0,0,1900,0.0
2018-05-03,0,0,0,1900,0.0
2018-05-04,0,0,0,1900,0.0
2018-05-08,0,0,0,1900,0.0
2018-05-09,0,0,0,1900,0.0
2018-05-10,0,0,0,1900,0.0
2018-05-11,0,0,0,1900,0.0
2018-05-14,0,0,0,1900,0.0
2018-05-15,0,0,0,1900,0.0
2018-05-16,0,0,0,1900,0.0
2018-05-17,0,0,0,1900,0.0
2018-05-18,0,0,0,1900,0.0
2018-05-21,0,0,0,1900,0.0
2018-05-23,0,0,0,1900,0.0
2018-05-24,0,0,0,1900,0.0
2018-05-25,0,0,0,1900,0.0
2018-05-28,0,0,0,1900,0.0
2018-05-29,0,0,0,1900,0.0
2018-05-30,0,0,0,1900,0.0
2018-05-31,0,0,0,1900,0.0
2018-06-01,0,0,0,1900,0.0
2018-06-04,0,0,0,1900,0.0
2018-06-05,0,0,0,1900,0.0
2018-06-07,0,0,0,1900,0.0
2018-06-08,0,0,0,1900,0.0
2018-06-11,0,0,0,1900,0.0
2018-06-12,0,0,0,1900,0.0
2018-06-14,0,0,0,1900,0.0
2018-06-15,0,0,0,1900,0.0
2018-06-18,0,0,0,1900,0.0
2018-06-19,0,0,0,1900,0.0
2018-06-20,0,0,0,1900,0.0
2018-06-21,0,0,0,1900,0.0
2018-06-22,0,0,0,1900,0.0
2018-06-25,0,0,0,1900,0.0
2018-06-26,0,0,0,1900,0.0
2018-06-27,0,0,0,1900,0.0
2018-06-28,0,0,0,1900,0.0
2018-06-29,0,0,0,1900,0.0
2018-07-02,0,0,0,1900,0.0
2018-07-03,0,0,0,1900,0.0
2018-07-04,0,0,0,1900,0.0
2018-07-05,0,0,0,1900,0.0
2018-07-06,0,0,0,1900,0.0
2018-07-09,0,0,0,1900,0.0
2018-07-10,0,0,0,1900,0.0
2018-07-11,0,0,0,1900,0.0
2018-07-12,0,0,0,1900,0.0
2018-07-13,0,0,0,1900,0.0
2018-07-16,0,0,0,1900,0.0
2018-07-17,0,0,0,1900,0.0
2018-07-18,0,0,0,1900,0.0
2018-07-19,0,0,0,1900,0.0
2018-07-20,0,0,0,1900,0.0
2018-07-23,0,0,0,1900,0.0
2018-07-24,0,0,0,1900,0.0
2018-07-25,0,0,0,1900,0.0
2018-07-26,0,0,0,1900,0.0
2018-07-27,0,0,0,1900,0.0
2018-07-30,0,0,0,1900,0.0
2018-07-31,0,0,0,1900,0.0
2018-08-01,0,0,0,1900,0.0
2018-08-02,0,0,0,1900,0.0
2018-08-03,0,0,0,1900,0.0
2018-08-06,0,0,0,1900,0.0
2018-08-07,0,0,0,1900,0.0
2018-08-08,0,0,0,1900,0.0
2018-08-09,0,0,0,1900,0.0
2018-08-10,0,0,0,1900,0.0
2018-08-13,0,0,0,1900,0.0
2018-08-14,0,0,0,1900,0.0
2018-08-16,0,0,0,1900,0.0
2018-08-17,0,0,0,1900,0.0
2018-08-20,0,0,0,1900,0.0
2018-08-21,0,0,0,1900,0.0
2018-08-22,0,0,0,1900,0.0
2018-08-23,0,0,0,1900,0.0
2018-08-24,0,0,0,1900,0.0
2018-08-27,0,0,0,1900,0.0
2018-08-28,0,0,0,1900,0.0
2018-08-29,0,0,0,1900,0.0
2018-08-30,0,0,0,1900,0.0
2018-08-31,0,0,0,1900,0.0
2018-09-03,0,0,0,1900,0.0
2018-09-04,0,0,0,1900,0.0
2018-09-05,0,0,0,1900,0.0
2018-09-06,0,0,0,1900,0.0
2018-09-07,0,0,0,1900,0.0
2018-09-10,0,0,0,1900,0.0
2018-09-11,0,0,0,1900,0.0
2018-09-12,0,0,0,1900,0.0
2018-09-13,0,0,0,1900,0.0
2018-09-14,0,0,0,1900,0.0
2018-09-17,0,0,0,1900,0.0
2018-09-18,0,0,0,1900,0.0
2018-09-19,0,0,0,1900,0.0
2018-09-20,0,0,0,1900,0.0
2018-09-21,0,0,0,1900,0.0
2018-09-27,0,0,0,1900,0.0
2018-09-28,0,0,0,1900,0.0
2018-10-01,0,0,0,1900,0.0
2018-10-02,0,0,0,1900,0.0
2018-10-04,0,0,0,1900,0.0
2018-10-05,0,0,0,1900,0.0
2018-10-08,0,0,0,1900,0.0
2018-10-10,0,0,0,1900,0.0
2018-10-11,0,0,0,1900,0.0
2018-10-12,0,0,0,1900,0.0
2018-10-15,0,0,0,1900,0.0
2018-10-16,0,0,0,1900,0.0
2018-10-17,0,0,0,1900,0.0
2018-10-18,0,0,0,1900,0.0
2018-10-19,0,0,0,1900,0.0
2018-10-22,0,0,0,1900,0.0
2018-10-23,0,0,0,1900,0.0
2018-10-24,0,0,0,1900,0.0
2018-10-25,0,0,0,1900,0.0
2018-10-26,0,0,0,1900,0.0
2018-10-29,0,0,0,1900,0.0
2018-10-30,0,0,0,1900,0.0
2018-10-31,0,0,0,1900,0.0
2018-11-01,0,0,0,1900,0.0
2018-11-02,0,0,0,1900,0.0
2018-11-05,0,0,0,1900,0.0
2018-11-06,0,0,0,1900,0.0
2018-11-07,0,0,0,1900,0.0
2018-11-08,0,0,0,1900,0.0
2018-11-09,0,0,0,1900,0.0
2018-11-12,0,0,0,1900,0.0
2018-11-13,0,0,0,1900,0.0
2018-11-14,0,0,0,1900,0.0
2018-11-15,0,0,0,1900,0.0
2018-11-16,0,0,0,1900,0.0
2018-11-19,0,0,0,1900,0.0
2018-11-20,0,0,0,1900,0.0
2018-11-21,0,0,0,1900,0.0
2018-11-22,0,0,0,1900,0.0
2018-11-23,0,0,0,1900,0.0
2018-11-26,0,0,0,1900,0.0
2018-11-27,0,0,0,1900,0.0
2018-11-28,0,0,0,1900,0.0
2018-11-29,0,0,0,1900,0.0
2018-11-30,0,0,0,1900,0.0
2018-12-03,0,0,0,1900,0.0
2018-12-04,0,0,0,1900,0.0
2018-12-05,0,0,0,1900,0.0
2018-12-06,0,0,0,1900,0.0
2018-12-07,0,0,0,1900,0.0
2018-12-10,0,0,0,1900,0.0
2018-12-11,0,0,0,1900,0.0
2018-12-12,0,0,0,1900,0.0
2018-12-13,0,0,0,1900,0.0
2018-12-14,0,0,0,1900,0.0
2018-12-17,0,0,0,1900,0.0
2018-12-18,0,0,0,1900,0.0
2018-12-19,0,0,0,1900,0.0
2018-12-20,0,0,0,1900,0.0
2018-12-21,0,0,0,1900,0.0
2018-12-24,0,0,0,1900,0.0
2018-12-26,0,0,0,1900,0.0
2018-12-27,0,0,0,1900,0.0
2018-12-28,0,0,0,1900,0.0
2019-01-02,0,0,0,1900,0.0
2019-01-03,0,0,0,1900,0.0
2019-01-04,0,0,0,1900,0.0
2019-01-07,0,0,0,1900,0.0
2019-01-08,0,0,0,1900,0.0
2019-01-09,0,0,0,1900,0.0
2019-01-10,0,0,0,1900,0.0
2019-01-11,0,0,0,1900,0.0
2019-01-14,0,0,0,1900,0.0
2019-01-15,0,0,0,1900,0.0
2019-01-16,0,0,0,1900,0.0
2019-01-17,0,0,0,1900,0.0
2019-01-18,0,0,0,1900,0.0
2019-01-21,0,0,0,1900,0.0
2019-01-22,0,0,0,1900,0.0
2019-01-23,0,0,0,1900,0.0
2019-01-24,0,0,0,1900,0.0
2019-01-25,0,0,0,1900,0.0
2019-01-28,0,0,0,1900,0.0
2019-01-29,0,0,0,1900,0.0
2019-01-30,0,0,0,1900,0.0
2019-01-31,0,0,0,1900,0.0
2019-02-01,0,0,0,1900,0.0
2019-02-07,0,0,0,1900,0.0
2019-02-08,0,0,0,1900,0.0
2019-02-11,0,0,0,1900,0.0
2019-02-12,0,0,0,1900,0.0
2019-02-13,0,0,0,1900,0.0
2019-02-14,0,0,0,1900,0.0
2019-02-15,0,0,0,1900,0.0
2019-02-18,0,0,0,1900,0.0
2019-02-19,0,0,0,1900,0.0
2019-02-20,0,0,0,1900,0.0
2019-02-21,0,0,0,1900,0.0
2019-02-22,0,0,0,1900,0.0
2019-02-25,0,0,0,1900,0.0
2019-02-26,0,0,0,1900,0.0
2019-02-27,0,0,0,1900,0.0
2019-02-28,0,0,0,1900,0.0
2019-03-04,0,0,0,1900,0.0
2019-03-05,0,0,0,1900,0.0
2019-03-06,0,0,0,1900,0.0
2019-03-07,0,0,0,1900,0.0
2019-03-08,0,0,0,1900,0.0
2019-03-11,0,0,0,1900,0.0
2019-03-12,0,0,0,1900,0.0
2019-03-13,0,0,0,1900,0.0
2019-03-14,0,0,0,1900,0.0
2019-03-15,0,0,0,1900,0.0
2019-03-18,0,0,0,1900,0.0
2019-03-19,0,0,0,1900,0.0
2019-03-20,0,0,0,1900,0.0
2019-03-21,0,0,0,1900,0.0
2019-03-22,0,0,0,1900,0.0
2019-03-25,0,0,0,1900,0.0
2019-03-26,0,0,0,1900,0.0
2019-03-27,0,0,0,1900,0.0
2019-03-28,0,0,0,1900,0.0
2019-03-29,0,0,0,1900,0.0
2019-04-01,0,0,0,1900,0.0
2019-04-02,0,0,0,1900,0.0
2019-04-03,0,0,0,1900,0.0
2019-04-04,0,0,0,1900,0.0
2019-04-05,0,0,0,1900,0.0
2019-04-08,0,0,0,1900,0.0
2019-04-09,0,0,0,1900,0.0
2019-04-10,0,0,0,1900,0.0
2019-04-11,0,0,0,1900,0.0
2019-04-12,0,0,0,1900,0.0
2019-04-15,0,0,0,1900,0.0
2019-04-16,0,0,0,1900,0.0
2019-04-17,0,0,0,1900,0.0
2019-04-18,0,0,0,1900,0.0
2019-04-19,0,0,0,1900,0.0
2019-04-22,0,0,0,1900,0.0
2019-04-23,0,0,0,1900,0.0
2019-04-24,0,0,0,1900,0.0
2019-04-25,0,0,0,1900,0.0
2019-04-26,0,0,0,1900,0.0
2019-04-29,0,0,0,1900,0.0
2019-04-30,0,0,0,1900,0.0
2019-05-02,0,0,0,1900,0.0
2019-05-03,0,0,0,1900,0.0
2019-05-07,0,0,0,1900,0.0
2019-05-08,0,0,0,1900,0.0
2019-05-09,0,0,0,1900,0.0
2019-05-10,0,0,0,1900,0.0
2019-05-13,0,0,0,1900,0.0
2019-05-14,0,0,0,1900,0.0
2019-05-15,0,0,0,1900,0.0
2019-05-16,0,0,0,1900,0.0
2019-05-17,0,0,0,1900,0.0
2019-05-20,0,0,0,1900,0.0
2019-05-21,0,0,0,1900,0.0
2019-05-22,0,0,0,1900,0.0
2019-05-23,0,0,0,1900,0.0
2019-05-24,0,0,0,1900,0.0
2019-05-27,0,0,0,1900,0.0
2019-05-28,0,0,0,1900,0.0
2019-05-29,0,0,0,1900,0.0
2019-05-30,0,0,0,1900,0.0
2019-05-31,0,0,0,1900,0.0
2019-06-03,0,0,0,1900,0.0
2019-06-04,0,0,0,1900,0.0
2019-06-05,0,0,0,1900,0.0
2019-06-07,0,0,0,1900,0.0
2019-06-10,0,0,0,1900,0.0
2019-06-11,0,0,0,1900,0.0
2019-06-12,0,0,0,1900,0.0
2019-06-13,0,0,0,1900,0.0
2019-06-14,0,0,0,1900,0.0
2019-06-17,0,0,0,1900,0.0
2019-06-18,0,0,0,1900,0.0
2019-06-19,0,0,0,1900,0.0
2019-06-20,0,0,0,1900,0.0
2019-06-21,0,0,0,1900,0.0
2019-06-24,0,0,0,1900,0.0
2019-06-25,0,0,0,1900,0.0
2019-06-26,0,0,0,1900,0.0
2019-06-27,0,0,0,1900,0.0
2019-06-28,0,0,0,1900,0.0
2019-07-01,0,0,0,1900,0.0
2019-07-02,0,0,0,1900,0.0
2019-07-03,0,0,0,1900,0.0
2019-07-04,0,0,0,1900,0.0
2019-07-05,0,0,0,1900,0.0
2019-07-08,0,0,0,1900,0.0
2019-07-09,0,0,0,1900,0.0
2019-07-10,0,0,0,1900,0.0
2019-07-11,0,0,0,1900,0.0
2019-07-12,0,0,0,1900,0.0
2019-07-15,0,0,0,1900,0.0
2019-07-16,0,0,0,1900,0.0
2019-07-17,0,0,0,1900,0.0
2019-07-18,0,0,0,1900,0.0
2019-07-19,0,0,0,1900,0.0
2019-07-22,0,0,0,1900,0.0
2019-07-23,0,0,0,1900,0.0
2019-07-24,0,0,0,1900,0.0
2019-07-25,0,0,0,1900,0.0
2019-07-26,0,0,0,1900,0.0
2019-07-29,0,0,0,1900,0.0
2019-07-30,0,0,0,1900,0.0
2019-07-31,0,0,0,1900,0.0
2019-08-01,0,0,0,1900,0.0
2019-08-02,0,0,0,1900,0.0
2019-08-05,0,0,0,1900,0.0
2019-08-06,0,0,0,1900,0.0
2019-08-07,0,0,0,1900,0.0
2019-08-08,0,0,0,1900,0.0
2019-08-09,0,0,0,1900,0.0
2019-08-12,0,0,0,1900,0.0
2019-08-13,0,0,0,1900,0.0
2019-08-14,0,0,0,1900,0.0
2019-08-16,0,0,0,1900,0.0
2019-08-19,0,0,0,1900,0.0
2019-08-20,0,0,0,1900,0.0
2019-08-21,0,0,0,1900,0.0
2019-08-22,0,0,0,1900,0.0
2019-08-23,0,0,0,1900,0.0
2019-08-26,0,0,0,1900,0.0
2019-08-27,0,0,0,1900,0.0
2019-08-28,1900,2167,1575,1585,4097218.0
2019-08-29,1525,1822,1487,1585,1888828.0
2019-08-30,1580,1675,1527,1550,521054.0
2019-09-02,1525,1562,1450,1463,780035.0
2019-09-03,1462,1600,1435,1483,772023.0
2019-09-04,1485,1520,1462,1470,269636.0
2019-09-05,1472,1485,1427,1460,432396.0
2019-09-06,1460,1465,1350,1373,423200.0
2019-09-09,1377,1410,1285,1315,398059.0
2019-09-10,1305,1365,1280,1310,361309.0
2019-09-11,1320,1362,1307,1350,212438.0
2019-09-16,1350,1357,1310,1338,143134.0
2019-09-17,1370,1412,1337,1340,328153.0
2019-09-18,1345,1382,1330,1353,149258.0
2019-09-19,1352,1572,1350,1495,2027807.0
2019-09-20,1492,1550,1417,1530,575697.0
2019-09-23,1500,1595,1495,1525,298905.0
2019-09-24,1525,1592,1505,1545,257390.0
2019-09-25,1547,1582,1482,1530,454942.0
2019-09-26,1530,1545,1477,1498,170462.0
2019-09-27,1485,1515,1377,1425,218800.0
2019-09-30,1432,1432,1290,1345,257480.0
2019-10-01,1345,1367,1245,1368,130876.0
2019-10-02,1327,1370,1290,1340,59630.0
2019-10-04,1322,1415,1322,1390,77290.0
2019-10-07,1390,1432,1367,1390,91322.0
2019-10-08,1390,1467,1375,1440,152268.0
2019-10-10,1465,1562,1440,1548,310657.0
2019-10-11,1547,1765,1525,1635,566993.0
2019-10-14,1602,1667,1592,1655,95329.0
2019-10-15,1670,1670,1605,1640,69998.0
2019-10-16,1667,1720,1577,1643,200022.0
2019-10-17,1635,2060,1590,1683,1765766.0
2019-10-18,1650,1682,1590,1590,290194.0
2019-10-21,1560,1637,1560,1588,102944.0
2019-10-22,1572,1600,1535,1593,137637.0
2019-10-23,1542,1592,1500,1505,115740.0
2019-10-24,1547,1547,1410,1525,108486.0
2019-10-25,1532,1550,1425,1460,132350.0
2019-10-28,1450,1492,1402,1428,92421.0
2019-10-29,1442,1470,1400,1425,53665.0
2019-10-30,1425,1597,1412,1450,180771.0
2019-10-31,1450,1497,1440,1460,81615.0
2019-11-01,1485,1485,1430,1475,54240.0
2019-11-04,1497,1515,1452,1490,57542.0
2019-11-05,1475,1510,1452,1500,76843.0
2019-11-06,1500,1650,1425,1580,484798.0
2019-11-07,1550,1605,1450,1603,276901.0
2019-11-08,1607,1687,1510,1550,252891.0
2019-11-11,1582,1585,1530,1530,92202.0
2019-11-12,1530,1530,1485,1488,82066.0
2019-11-13,1495,1495,1442,1455,72569.0
2019-11-14,1482,1505,1407,1478,162525.0
2019-11-15,1495,1500,1467,1485,87121.0
2019-11-18,1475,1560,1470,1518,140322.0
2019-11-19,1517,1750,1495,1655,851257.0
2019-11-20,1700,2025,1622,1663,2850749.0
2019-11-21,1690,1825,1607,1698,873902.0
2019-11-22,1662,1697,1587,1588,490896.0
2019-11-25,1557,1600,1525,1543,219588.0
2019-11-26,1570,1635,1540,1605,284116.0
2019-11-27,1605,1605,1550,1550,184264.0
2019-11-28,1545,1625,1502,1513,204163.0
2019-11-29,1515,1657,1475,1538,314455.0
2019-12-02,1507,1567,1502,1503,108370.0
2019-12-03,1477,1535,1457,1470,97797.0
2019-12-04,1510,1510,1440,1450,87945.0
2019-12-05,1460,1500,1362,1400,228185.0
2019-12-06,1452,1525,1367,1463,118738.0
2019-12-09,1425,1472,1392,1395,129658.0
2019-12-10,1425,1425,1255,1255,320009.0
2019-12-11,1262,1337,1220,1230,296232.0
2019-12-12,1252,1255,1190,1195,160196.0
2019-12-13,1217,1217,1120,1138,339911.0
2019-12-16,1165,1300,1150,1193,351989.0
2019-12-17,1195,1225,1167,1168,80824.0
2019-12-18,1177,1177,1142,1170,51973.0
2019-12-19,1172,1190,1012,1035,392824.0
2019-12-20,1045,1140,1025,1053,436659.0
2019-12-23,1065,1065,940,960,358576.0
2019-12-24,950,977,785,825,926337.0
2019-12-26,835,875,795,800,984124.0
2019-12-27,820,995,805,825,4046500.0
2019-12-30,840,910,822,878,1012078.0
2020-01-02,895,1017,847,1005,699175.0
2020-01-03,1015,1090,967,1050,545994.0
2020-01-06,1050,1067,992,1050,242794.0
2020-01-07,1075,1130,1047,1075,352756.0
2020-01-08,1075,1080,1000,1003,355124.0
2020-01-09,1012,1100,1012,1050,130252.0
2020-01-10,1072,1072,990,990,254922.0
2020-01-13,1000,1035,985,1033,125742.0
2020-01-14,1032,1075,1020,1038,106232.0
2020-01-15,1035,1050,1000,1035,121938.0
2020-01-16,1047,1047,997,1008,228204.0
2020-01-17,1020,1027,990,1003,292501.0
2020-01-20,995,1015,990,1008,59872.0
2020-01-21,1007,1015,980,998,81246.0
2020-01-22,1012,1012,982,990,90050.0
2020-01-23,1012,1012,962,985,27404.0
2020-01-28,955,955,855,900,130015.0
2020-01-29,900,965,895,950,48137.0
2020-01-30,950,965,882,893,63672.0
2020-01-31,897,972,897,928,111084.0
2020-02-03,942,950,850,943,54477.0
2020-02-04,925,970,900,923,96583.0
2020-02-05,945,962,907,948,71939.0
2020-02-06,975,985,927,960,57598.0
2020-02-07,975,992,940,963,43852.0
2020-02-10,962,1005,930,990,83132.0
2020-02-11,1025,1025,977,993,31775.0
2020-02-12,997,1005,975,1000,47842.0
2020-02-13,1020,1020,977,998,46548.0
2020-02-14,970,1000,947,970,154225.0
2020-02-17,990,995,935,948,87519.0
2020-02-18,975,975,925,948,63036.0
2020-02-19,950,950,895,940,50918.0
2020-02-20,947,947,900,905,69148.0
2020-02-21,900,922,860,868,68372.0
2020-02-24,867,867,805,825,72743.0
2020-02-25,885,885,830,865,57643.0
2020-02-26,830,895,830,868,12172.0
2020-02-27,872,872,820,828,59972.0
2020-02-28,792,820,690,703,233423.0
2020-03-02,717,742,685,705,85424.0
2020-03-03,700,742,685,705,79895.0
2020-03-04,717,762,700,748,48542.0
2020-03-05,755,787,747,770,46123.0
2020-03-06,782,782,735,750,35630.0
2020-03-09,750,750,687,743,49126.0
2020-03-10,742,742,677,708,50133.0
2020-03-11,707,725,670,690,21481.0
2020-03-12,687,687,630,630,37148.0
2020-03-13,585,660,497,588,136832.0
2020-03-16,592,625,525,530,106802.0
2020-03-17,495,530,475,525,105175.0
2020-03-18,530,575,500,500,87868.0
2020-03-19,515,650,412,412,4015541.0
2020-03-20,417,479,393,423,1042840.0
2020-03-23,410,430,390,393,351147.0
2020-03-24,394,421,375,402,189259.0
2020-03-25,406,445,397,443,283529.0
2020-03-26,444,471,425,450,225841.0
2020-03-27,467,585,467,585,1921238.0
2020-03-30,595,652,520,555,1677636.0
2020-03-31,582,592,545,565,869082.0
2020-04-01,557,607,547,563,481952.0
2020-04-02,572,572,507,525,488925.0
2020-04-03,520,540,520,538,136615.0
2020-04-06,532,580,532,558,220569.0
2020-04-07,565,665,557,665,492150.0
2020-04-08,665,665,607,623,237444.0
2020-04-09,637,685,602,650,311072.0
2020-04-10,665,670,607,650,143459.0
2020-04-13,650,650,612,613,81753.0
2020-04-14,607,640,602,623,47219.0
2020-04-16,622,705,605,648,199266.0
2020-04-17,655,700,630,650,456815.0
2020-04-20,650,727,640,710,606354.0
2020-04-21,710,887,692,798,2020964.0
2020-04-22,767,872,750,858,705055.0
2020-04-23,890,890,835,855,175197.0
2020-04-24,865,925,817,853,243983.0
2020-04-27,875,925,787,788,518072.0
2020-04-28,797,797,750,770,132484.0
2020-04-29,765,805,760,780,62768.0
2020-05-04,810,815,757,765,68528.0
2020-05-06,765,857,765,793,262820.0
2020-05-07,792,835,777,835,87575.0
2020-05-08,855,877,812,855,115763.0
2020-05-11,860,875,785,793,236148.0
2020-05-12,787,807,772,800,75133.0
2020-05-13,800,810,775,798,114142.0
2020-05-14,790,800,755,765,86479.0
2020-05-15,775,787,752,758,27705.0
2020-05-18,772,775,700,703,96208.0
2020-05-19,722,722,702,708,48892.0
2020-05-20,707,730,695,705,87838.0
2020-05-21,710,750,692,723,61573.0
2020-05-22,727,740,712,718,33590.0
2020-05-25,715,717,685,695,96698.0
2020-05-26,697,700,672,683,52213.0
2020-05-27,682,697,660,670,69774.0
2020-05-28,675,687,657,665,49344.0
2020-05-29,665,682,650,660,45653.0
2020-06-01,655,665,647,658,54554.0
2020-06-02,650,677,640,670,89347.0
2020-06-03,670,675,640,653,72510.0
2020-06-04,647,665,645,660,54158.0
2020-06-05,660,682,652,670,25016.0
2020-06-08,675,682,665,673,75482.0
2020-06-09,682,682,657,663,37880.0
2020-06-10,662,700,647,685,74869.0
2020-06-11,675,790,670,738,586414.0
2020-06-12,690,725,675,708,120717.0
2020-06-15,725,775,667,685,353131.0
2020-06-16,697,737,687,715,88429.0
2020-06-17,715,817,687,693,467432.0
2020-06-18,692,705,665,665,79693.0
2020-06-19,665,682,657,673,46443.0
2020-06-22,687,710,667,690,94264.0
2020-06-23,700,735,675,725,142159.0
2020-06-24,725,752,692,698,170185.0
2020-06-25,667,702,667,703,37656.0
2020-06-26,705,725,687,723,93083.0
2020-06-29,715,722,685,685,38796.0
2020-06-30,687,705,657,688,109248.0
2020-07-01,700,700,677,683,17378.0
2020-07-02,675,687,662,688,51444.0
2020-07-03,682,705,675,688,70309.0
2020-07-06,700,700,670,683,38873.0
2020-07-07,677,690,655,680,51448.0
2020-07-08,675,682,660,673,19756.0
2020-07-09,667,685,650,670,79541.0
2020-07-10,660,690,642,660,89315.0
2020-07-13,657,662,645,655,93521.0
2020-07-14,650,667,625,660,65976.0
2020-07-15,655,670,645,658,58462.0
2020-07-16,655,660,637,650,39414.0
2020-07-17,645,650,625,638,78457.0
2020-07-20,637,637,617,635,46351.0
2020-07-21,635,637,622,628,24472.0
2020-07-22,627,627,612,615,24008.0
2020-07-23,620,687,600,643,264039.0
2020-07-24,645,665,635,640,62336.0
2020-07-27,642,642,625,628,12830.0
2020-07-28,627,627,610,625,35487.0
2020-07-29,630,682,630,643,72697.0
2020-07-30,650,672,647,665,46956.0
2020-07-31,675,732,660,675,270614.0
2020-08-03,675,692,665,690,46222.0
2020-08-04,685,725,685,720,117683.0
2020-08-05,707,767,685,740,221403.0
2020-08-06,762,762,727,748,65260.0
2020-08-07,757,757,725,735,22697.0
2020-08-10,730,742,687,713,64757.0
2020-08-11,697,727,677,720,62222.0
2020-08-12,720,762,687,710,167609.0
2020-08-13,735,747,700,725,112940.0
2020-08-14,725,735,700,708,51627.0
2020-08-18,707,712,665,670,133143.0
2020-08-19,670,685,655,670,47824.0
2020-08-20,675,712,652,655,233289.0
2020-08-21,655,810,655,683,967014.0
2020-08-24,685,772,670,748,598058.0
2020-08-25,742,857,737,783,1215714.0
2020-08-26,782,782,740,775,263953.0
2020-08-27,775,795,745,755,158135.0
2020-08-28,755,762,730,750,110763.0
2020-08-31,757,757,725,728,154049.0
2020-09-01,727,770,720,745,302176.0
2020-09-02,750,765,730,743,198449.0
2020-09-03,742,750,717,725,246293.0
2020-09-04,700,722,687,705,158551.0
2020-09-07,700,722,690,710,158701.0
2020-09-08,710,720,697,710,66487.0
2020-09-09,700,715,687,708,93684.0
2020-09-10,712,717,690,705,70255.0
2020-09-11,705,705,687,693,56385.0
2020-09-14,690,700,687,698,84986.0
2020-09-15,692,700,690,695,39925.0
2020-09-16,692,700,687,693,64854.0
2020-09-17,687,690,657,663,343420.0
2020-09-18,662,682,660,668,82698.0
2020-09-21,670,705,652,663,255656.0
2020-09-22,657,657,635,635,83298.0
2020-09-23,635,652,620,633,75318.0
2020-09-24,620,657,607,608,125623.0
2020-09-25,622,632,607,633,44227.0
2020-09-28,637,637,617,628,70565.0
2020-09-29,625,675,625,665,106559.0
2020-10-05,690,690,650,665,44896.0
2020-10-06,657,675,637,648,85805.0
2020-10-07,637,662,637,650,43964.0
2020-10-08,650,657,630,635,72913.0
2020-10-12,647,647,637,643,17996.0
2020-10-13,652,707,637,670,318311.0
2020-10-14,675,680,660,665,95531.0
2020-10-15,665,667,647,655,60519.0
2020-10-16,665,715,655,688,342296.0
2020-10-19,690,690,660,660,68398.0
2020-10-20,662,775,650,720,991486.0
2020-10-21,732,735,710,720,163970.0
2020-10-22,715,730,695,695,129695.0
2020-10-23,707,715,695,698,37942.0
2020-10-26,705,720,690,693,97228.0
2020-10-27,687,700,660,685,122148.0
2020-10-28,692,730,680,708,141186.0
2020-10-29,700,735,692,713,169496.0
2020-10-30,720,740,712,718,118122.0
2020-11-02,735,780,727,760,600903.0
2020-11-03,770,782,740,770,195407.0
2020-11-04,772,812,762,798,263968.0
2020-11-05,797,815,772,795,219931.0
2020-11-06,795,825,780,813,287638.0
2020-11-09,805,820,785,800,99555.0
2020-11-10,792,825,780,800,167413.0
2020-11-11,795,800,752,765,236080.0
2020-11-12,755,787,742,768,132537.0
2020-11-13,772,787,757,788,121983.0
2020-11-16,795,817,780,795,95267.0
2020-11-17,800,810,780,790,115300.0
2020-11-18,782,800,770,783,188966.0
2020-11-19,772,780,750,760,180411.0
2020-11-20,760,765,725,755,275773.0
2020-11-23,755,772,742,743,74100.0
2020-11-24,767,767,742,758,93705.0
2020-11-25,757,770,755,755,60368.0
2020-11-26,762,795,745,785,240508.0
2020-11-27,810,810,775,775,96546.0
2020-11-30,775,800,762,763,72630.0
2020-12-01,762,797,750,750,68398.0
2020-12-02,770,772,740,753,65775.0
2020-12-03,752,760,730,748,121915.0
2020-12-04,740,775,737,765,115950.0
2020-12-07,770,792,762,770,80321.0
2020-12-08,742,765,742,758,463994.0
2020-12-09,757,757,740,753,92614.0
2020-12-10,760,760,737,753,67055.0
2020-12-11,760,765,747,758,80685.0
2020-12-14,757,757,742,753,118940.0
2020-12-15,757,760,730,748,67885.0
2020-12-16,752,755,740,745,129891.0
2020-12-17,742,755,742,750,43100.0
2020-12-18,750,755,742,743,51274.0
2020-12-21,747,752,737,745,80022.0
2020-12-22,745,750,730,735,88395.0
2020-12-23,735,777,735,778,159496.0
2020-12-24,777,910,760,865,974318.0
2020-12-28,880,1117,872,1028,3573021.0
2020-12-29,1000,1105,922,1013,677605.0
2020-12-30,1047,1072,977,1015,364343.0
2021-01-04,1025,1165,1025,1143,717902.0
2021-01-05,1127,1200,1112,1165,392081.0
2021-01-06,1147,1207,1135,1188,271793.0
2021-01-07,1212,1212,1175,1195,148141.0
2021-01-08,1195,1207,1150,1190,130966.0
2021-01-11,1190,1200,1150,1190,208836.0
2021-01-12,1190,1197,1150,1163,97776.0
2021-01-13,1170,1212,1150,1198,271858.0
2021-01-14,1202,1425,1200,1330,1072432.0
2021-01-15,1400,1550,1330,1330,1694444.0
2021-01-18,1332,1395,1200,1210,462392.0
2021-01-19,1210,1245,1082,1180,563196.0
2021-01-20,1247,1247,1145,1173,144328.0
2021-01-21,1197,1247,1150,1180,119692.0
2021-01-22,1175,1190,1127,1150,191858.0
2021-01-25,1170,1212,1115,1148,157883.0
2021-01-26,1140,1140,1092,1110,97191.0
2021-01-27,1150,1162,1110,1130,107962.0
2021-01-28,1135,1190,1130,1160,134889.0
2021-01-29,1132,1192,1075,1115,449534.0
2021-02-01,1112,1185,1090,1120,193415.0
2021-02-02,1100,1120,987,1068,717788.0
2021-02-03,1067,1147,1055,1105,156078.0
2021-02-04,1125,1300,1085,1178,1223230.0
2021-02-05,1217,1250,1150,1163,168694.0
2021-02-08,1200,1200,1140,1143,153891.0
2021-02-09,1152,1220,1135,1165,171539.0
2021-02-10,1155,1185,1130,1145,90390.0
2021-02-15,1150,1180,1150,1155,114062.0
2021-02-16,1157,1192,1152,1160,123893.0
2021-02-17,1160,1170,1115,1150,143230.0
2021-02-18,1150,1180,1097,1180,218162.0
2021-02-19,1195,1255,1162,1203,284178.0
2021-02-22,1187,1247,1175,1175,134920.0
2021-02-23,1155,1170,1125,1130,147052.0
2021-02-24,1150,1155,1092,1095,119754.0
2021-02-25,1100,1207,1100,1158,546788.0
2021-02-26,1150,1170,1032,1083,609407.0
2021-03-02,1112,1115,1045,1095,168568.0
2021-03-03,1095,1105,1055,1103,115719.0
2021-03-04,1110,1110,1065,1100,63300.0
2021-03-05,1120,1130,1085,1113,98156.0
2021-03-08,1090,1167,1002,1068,253531.0
2021-03-09,1067,1080,1012,1023,127274.0
2021-03-10,1050,1190,995,1000,522283.0
2021-03-11,1005,1050,980,980,234983.0
2021-03-12,1035,1045,980,1035,119819.0
2021-03-15,1035,1047,1025,1030,166215.0
2021-03-16,1035,1075,1025,1030,134827.0
2021-03-17,1057,1060,1015,1048,148829.0
2021-03-18,1075,1075,1010,1058,181510.0
2021-03-19,1100,1105,1015,1030,454481.0
2021-03-22,1030,1050,997,1033,139157.0
2021-03-23,1040,1042,1012,1023,70103.0
2021-03-24,1017,1080,1017,1058,337197.0
2021-03-25,1075,1232,1057,1195,1494094.0
2021-03-26,1202,1295,1122,1190,697136.0
2021-03-29,1190,1190,1085,1085,489631.0
2021-03-30,1085,1120,1075,1108,124369.0
2021-03-31,1087,1115,1060,1095,115096.0
2021-04-01,1095,1142,1095,1125,232237.0
2021-04-02,1130,1130,1110,1115,97252.0
2021-04-05,1115,1117,1072,1080,82977.0
2021-04-06,1090,1125,1080,1085,86651.0
2021-04-07,1147,1187,1100,1188,607809.0
2021-04-08,1217,1335,1217,1298,2051717.0
2021-04-09,1367,1367,1140,1143,3752003.0
2021-04-12,1145,1145,1077,1080,758288.0
2021-04-13,1057,1085,1027,1075,611769.0
2021-04-14,1067,1080,1055,1070,204504.0
2021-04-15,1072,1072,1025,1038,300815.0
2021-04-16,1037,1045,1022,1035,197842.0
2021-04-19,1035,1087,1012,1078,387409.0
2021-04-20,1077,1087,1052,1080,171873.0
2021-04-21,1080,1402,1070,1403,3876291.0
2021-04-22,1342,1495,1300,1460,13081046.0
2021-04-23,1437,1472,1390,1445,2329335.0
2021-04-26,1432,1450,1360,1380,1129708.0
2021-04-27,1380,1412,1320,1365,1070999.0
2021-04-28,1340,1360,1292,1313,576268.0
2021-04-29,1315,1370,1307,1338,611746.0
2021-04-30,1352,1375,1320,1370,463416.0
2021-05-03,1365,1415,1295,1343,1179166.0
2021-05-04,1360,1360,1292,1345,264324.0
2021-05-06,1345,1377,1320,1370,238720.0
2021-05-07,1365,1422,1345,1403,710602.0
2021-05-10,1412,1435,1380,1385,538535.0
2021-05-11,1392,1400,1342,1395,378032.0
2021-05-12,1397,1397,1347,1360,242483.0
2021-05-13,1340,1407,1310,1380,374910.0
2021-05-14,1410,1525,1305,1400,3315841.0
2021-05-17,1387,1405,1337,1363,648727.0
2021-05-18,1365,1625,1352,1625,5151921.0
2021-05-20,1570,1645,1522,1540,1927851.0
2021-05-21,1537,1577,1475,1500,995967.0
2021-05-24,1475,1475,1400,1438,649322.0
2021-05-25,1435,1745,1410,1638,8231990.0
2021-05-26,1620,1660,1547,1600,1749538.0
2021-05-27,1575,2080,1562,2080,14854532.0
2021-05-28,2192,2402,2177,2270,18116535.0
2021-05-31,2285,2395,2075,2250,6627464.0
2021-06-01,2560,2685,2305,2445,9596071.0
2021-06-02,2475,2570,2400,2500,1896312.0
2021-06-03,2480,2570,2355,2375,2307278.0
2021-06-04,2405,2425,2340,2420,982976.0
2021-06-07,2370,2405,2290,2340,892526.0
2021-06-08,2315,2975,2260,2860,15190768.0
2021-06-09,2815,2820,2570,2585,2885421.0
2021-06-10,2645,3215,2390,2875,8909904.0
2021-06-11,2815,2820,2640,2650,2266246.0
2021-06-14,2695,3190,2605,2940,16075581.0
2021-06-15,2950,3015,2760,2955,2207190.0
2021-06-16,2905,3020,2870,2945,1226750.0
2021-06-17,3000,3100,2930,2945,1183258.0
2021-06-18,2950,2990,2815,2845,925526.0
2021-06-21,2850,2965,2740,2835,819266.0
2021-06-22,2785,2940,2750,2810,794514.0
2021-06-23,2515,2690,2490,2590,4323884.0
2021-06-24,2545,2585,2425,2580,2499419.0
2021-06-25,2535,2850,2520,2815,4095650.0
2021-06-28,2830,3020,2830,2960,3445925.0
2021-06-29,2950,3085,2855,3010,2514126.0
2021-06-30,2955,3020,2885,3010,1816099.0
2021-07-01,3250,3545,2970,3005,9095808.0
2021-07-02,3070,3070,2875,2885,1728540.0
2021-07-05,2840,2840,2560,2695,2205886.0
2021-07-06,2695,2785,2580,2640,1537530.0
2021-07-07,2600,2620,2500,2510,1403509.0
2021-07-08,2500,2670,2415,2590,1659710.0
2021-07-09,2560,2630,2500,2565,695591.0
2021-07-12,2525,2550,2350,2405,1335144.0
2021-07-13,2405,2495,2340,2345,1012985.0
2021-07-14,2395,2500,2350,2430,741418.0
2021-07-15,2465,2465,2315,2400,824265.0
2021-07-16,2395,2435,2330,2380,543594.0
2021-07-19,2340,2375,2250,2305,822325.0
2021-07-20,2300,2300,2170,2215,1127779.0
2021-07-21,2215,2235,2160,2205,581982.0
2021-07-22,2200,2280,2160,2205,633938.0
2021-07-23,2205,2300,2195,2290,611598.0
2021-07-26,2285,2445,2245,2375,1057652.0
2021-07-27,2375,2470,2340,2445,968414.0
2021-07-28,2440,2445,2335,2345,555762.0
2021-07-29,2350,2405,2310,2335,229456.0
2021-07-30,2360,2360,2270,2290,436110.0
2021-08-02,2290,2340,2225,2250,314524.0
2021-08-03,2390,2390,2170,2195,659749.0
2021-08-04,2225,2255,2160,2230,445747.0
2021-08-05,2235,2315,2230,2300,376214.0
2021-08-06,2295,2315,2250,2270,224654.0
2021-08-09,2270,2285,2200,2230,343745.0
2021-08-10,2210,2335,2170,2230,939681.0
2021-08-11,2215,2250,2130,2150,394835.0
2021-08-12,2185,2220,2085,2140,329636.0
2021-08-13,2135,2235,1985,2220,955989.0
2021-08-17,2230,2235,2000,2080,764912.0
2021-08-18,2080,2130,2030,2080,292893.0
2021-08-19,2100,2180,2010,2020,601022.0
2021-08-20,2100,2110,2000,2100,742167.0
2021-08-23,2100,2100,1990,2010,715461.0
2021-08-24,2090,2090,1980,2025,372999.0
2021-08-25,2025,2045,2005,2035,160158.0
2021-08-26,2035,2160,2020,2150,658437.0
2021-08-27,2080,2150,2080,2100,318407.0
2021-08-30,2105,2200,2080,2145,320374.0
2021-08-31,2150,2210,2110,2175,349601.0
2021-09-01,2200,2235,2155,2220,363693.0
2021-09-02,2295,2365,2245,2330,1043351.0
2021-09-03,2310,2405,2300,2380,701796.0
2021-09-06,2470,2520,2350,2360,1083341.0
2021-09-07,2370,2440,2250,2375,598378.0
2021-09-08,2370,2380,2315,2355,303340.0
2021-09-09,2355,2465,2270,2465,1084444.0
2021-09-10,2485,2495,2375,2440,791721.0
2021-09-13,2440,2450,2290,2310,602270.0
2021-09-14,2305,2310,2180,2195,704174.0
2021-09-15,2200,2240,2120,2170,415872.0
2021-09-16,2150,2180,2105,2150,253976.0
2021-09-17,2150,2215,2130,2200,159764.0
2021-09-23,2160,2180,2065,2100,427817.0
2021-09-24,2080,2120,2050,2090,243988.0
2021-09-27,2095,2375,2060,2120,2323953.0
2021-09-28,2120,2145,2020,2060,521812.0
2021-09-29,1990,2060,1975,2015,434942.0
2021-09-30,2015,2020,1935,1980,352113.0
2021-10-01,1995,1995,1825,1895,614208.0
2021-10-05,1935,1935,1735,1770,849783.0
2021-10-06,1770,1825,1545,1600,1284663.0
2021-10-07,1605,1805,1600,1800,579818.0
2021-10-08,1805,2000,1805,2000,609204.0
2021-10-12,2010,2065,1780,1800,1016830.0
2021-10-13,1730,1895,1725,1815,386583.0
2021-10-14,1815,1900,1800,1855,231980.0
2021-10-15,1855,1900,1790,1795,285012.0
2021-10-18,1800,1835,1785,1790,174889.0
2021-10-19,1820,1825,1700,1755,512385.0
2021-10-20,1755,1810,1745,1780,201326.0
2021-10-21,1840,1840,1720,1725,350861.0
2021-10-22,1775,1775,1685,1715,215400.0
2021-10-25,1715,1770,1700,1725,252226.0
2021-10-26,1750,1790,1735,1770,189057.0
2021-10-27,1770,1785,1720,1730,186728.0
2021-10-28,1735,1755,1710,1730,109018.0
2021-10-29,1740,1785,1720,1720,198682.0
2021-11-01,1705,2140,1685,1745,7655431.0
2021-11-02,1705,1850,1680,1755,1613687.0
2021-11-03,1760,1760,1680,1695,484951.0
2021-11-04,1695,1705,1625,1670,452904.0
2021-11-05,1665,1700,1630,1655,342015.0
2021-11-08,1645,1665,1610,1635,205097.0
2021-11-09,1630,1670,1615,1630,162067.0
2021-11-10,1620,1660,1550,1635,375248.0
2021-11-11,1625,1680,1615,1635,181267.0
2021-11-12,1660,1660,1615,1630,208256.0
2021-11-15,1630,1675,1615,1630,277542.0
2021-11-16,1630,1645,1540,1600,693823.0
2021-11-17,1600,1635,1535,1615,536695.0
2021-11-18,1635,1740,1610,1720,1127348.0
2021-11-19,1740,1925,1725,1795,3587077.0
2021-11-22,1770,1775,1665,1700,719618.0
2021-11-23,1665,1725,1660,1700,306460.0
2021-11-24,1765,1885,1715,1740,875208.0
2021-11-25,1750,1760,1695,1715,274108.0
2021-11-26,1715,1785,1680,1780,868614.0
2021-11-29,1725,1840,1720,1765,1063564.0
2021-11-30,1790,1790,1700,1715,592203.0
2021-12-01,1690,1730,1660,1715,393446.0
2021-12-02,1735,1785,1690,1740,502573.0
2021-12-03,1745,1860,1720,1840,1277316.0
2021-12-06,1840,1890,1825,1880,737556.0
2021-12-07,1875,1880,1820,1860,450563.0
2021-12-08,1860,1885,1820,1820,294544.0
2021-12-09,1810,1845,1805,1820,168086.0
2021-12-10,1800,1820,1780,1800,258804.0
2021-12-13,1795,1925,1795,1915,927108.0
2021-12-14,1910,1975,1885,1940,982024.0
2021-12-15,1940,1980,1880,1970,602342.0
2021-12-16,1980,1985,1920,1945,405902.0
2021-12-17,1945,2005,1910,1995,569713.0
2021-12-20,1965,2095,1965,2075,1457101.0
2021-12-21,2100,2200,2075,2180,2023370.0
2021-12-22,2190,2405,2190,2250,5459455.0
2021-12-23,2200,2300,1970,1985,4384774.0
2021-12-24,2005,2130,1990,2045,2028299.0
2021-12-27,2010,2040,1845,1865,1907977.0
2021-12-28,1870,1925,1810,1870,688542.0
2021-12-29,1870,1970,1840,1945,525664.0
2021-12-30,1940,1990,1920,1960,548421.0
2022-01-03,2000,2020,1955,1980,477945.0
2022-01-04,1995,1995,1900,1900,419991.0
2022-01-05,1900,1905,1835,1855,376857.0
2022-01-06,1840,1925,1780,1845,373899.0
2022-01-07,1850,1905,1810,1860,350352.0
2022-01-10,1860,1860,1755,1810,297329.0
2022-01-11,1810,1815,1730,1750,279787.0
2022-01-12,1755,1780,1710,1765,198236.0
2022-01-13,1765,1820,1740,1760,262214.0
2022-01-14,1760,1790,1710,1740,247222.0
2022-01-17,1740,1750,1675,1695,166261.0
2022-01-18,1695,1720,1670,1715,133697.0
2022-01-19,1720,1890,1680,1740,417715.0
2022-01-20,1740,1775,1690,1700,257363.0
2022-01-21,1705,1725,1695,1695,84622.0
2022-01-24,1695,1705,1630,1660,182788.0
2022-01-25,1655,1725,1555,1620,369572.0
2022-01-26,1650,1650,1575,1600,216563.0
2022-01-27,1605,1615,1485,1520,397894.0
2022-01-28,1545,1625,1505,1605,374186.0
2022-02-03,1625,1680,1610,1640,176809.0
2022-02-04,1690,1690,1620,1645,106108.0
2022-02-07,1645,1685,1640,1665,86966.0
2022-02-08,1640,1680,1600,1610,245793.0
2022-02-09,1620,1635,1605,1605,147178.0
2022-02-10,1610,1625,1545,1570,365597.0
2022-02-11,1570,1645,1475,1645,458417.0
2022-02-14,1620,1645,1580,1625,301936.0
2022-02-15,1660,1755,1625,1655,441498.0
2022-02-16,1730,1730,1655,1655,168675.0
2022-02-17,1670,1750,1630,1725,345764.0
2022-02-18,1695,1750,1655,1730,395785.0
2022-02-21,1720,1720,1660,1660,271761.0
2022-02-22,1625,1710,1585,1635,427091.0
2022-02-23,1620,1650,1590,1590,338650.0
2022-02-24,1595,1610,1535,1535,354247.0
2022-02-25,1540,1600,1500,1590,497355.0
2022-02-28,1590,1590,1525,1530,167253.0
2022-03-02,1530,1625,1530,1590,403174.0
2022-03-03,1590,1600,1545,1600,347852.0
2022-03-04,1595,1600,1550,1565,126598.0
2022-03-07,1555,1560,1490,1545,532925.0
2022-03-08,1520,1520,1410,1460,478385.0
2022-03-10,1205,1495,1205,1425,747450.0
2022-03-11,1460,1460,1345,1430,561762.0
2022-03-14,1425,1425,1340,1420,327848.0
2022-03-15,1395,1415,1345,1355,181877.0
2022-03-16,1355,1390,1310,1360,214836.0
2022-03-17,1385,1430,1375,1385,177035.0
2022-03-18,1400,1430,1350,1385,243961.0
2022-03-21,1385,1410,1370,1400,254116.0
2022-03-22,1400,1435,1370,1385,231873.0
2022-03-23,1405,1460,1380,1400,385073.0
2022-03-24,1350,1400,1350,1390,286813.0
2022-03-25,1395,1470,1390,1405,467077.0
2022-03-28,1415,1430,1400,1415,270960.0
2022-03-29,1425,1530,1345,1380,1232220.0
2022-03-30,1375,1395,1365,1370,137667.0
2022-03-31,1370,1440,1365,1435,428837.0
2022-04-01,1450,1560,1440,1450,721087.0
2022-04-04,1450,1480,1420,1455,340439.0
2022-04-05,1510,1780,1505,1635,8637112.0
2022-04-06,1640,1685,1610,1660,1432974.0
2022-04-07,1650,1665,1595,1665,634553.0
2022-04-08,1665,1695,1610,1670,632796.0
2022-04-11,1715,1780,1670,1695,1459221.0
